Disease,Symptoms
Chlamydia,"Dark Urine, Frequent Urination at Night, Bloody Mucus, Loss of Consciousness, Faint Heartbeat, Pounding Heart, Hiccups"
Lactose Intolerance,"Persistent Hiccups, Gag Reflex, Frequent Urination"
Sjogren’s Syndrome,"Sore Throat, Chronic Back Pain, Persistent Thirst, Increased Thirst, Soreness in Jaw, Head Tilt, Painful Abdominal Area"
Tonsillitis,"Stomach Cramps, Fatigue after Exercise, Increased Sweating, Persistent Hiccups, Increased Thirst, Abnormal Heartbeat, Body Aches"
Testicular Cancer,"Sweating, Soreness in Jaw, Cold Body, Sore Muscles"
Menstrual Disorders,"Hiccups, Hunger Pangs, Painful Urination, Difficult Breathing"
Herpes,"Rapid Heart Rate, Severe Fatigue, Frequent Throat Clearing, Abnormal Joint Movements, Itchy Skin"
Shingles,"Sensitivity to Touch, Black or Tarry Stools, Jaundice"
Cushing’s Syndrome,"Feeling Out of Breath, Jaundice, Low Blood Pressure, Nervousness, Nausea without Vomiting, Muscle Tension, Loss of Balance"
Menstrual Disorders,"Excessive Coughing at Night, Severe Fatigue, Feeling Swollen, Gag Reflex, Severe Chest Pressure, Shortness of Breath, Hoarseness"
Frostbite,"Head Pressure, Abnormal Skin Color, Unstable Walking, Fatigue after Eating, Inflamed Gums, Vomiting, Choking Sensation"
Reye’s Syndrome,"Leg Swelling, Excessive Hunger, Frequent Urination at Night, Unusual Sweating, Persistent Cough, Skin Rash"
Infertility,"Swollen Glands, Yellowing of Skin or Eyes, Increased Sleepiness, Difficulty Swallowing"
Otitis Media,"Loss of Taste or Smell, Shortness of Breath, Frequent Urination at Night, Itchy Skin, Nosebleeds, Loss of Voice"
Trigeminal Neuralgia,"Hard to Breathe, Heavy Breathing, Vision Problems, Itchy Skin, Abnormal Joint Movements"
Plantar Fasciitis,"Sudden Heart Palpitations, Head Pressure, Pain in Legs"
Parkinson's Disease,"Cold Feet, Persistent Thirst, Insomnia After Eating, Mental Fog, Frequent Urination, Loss of Balance, Tired Eyes"
Raynaud's Disease,"Difficulty Walking, Neck Stiffness, Painful Swallowing, Swollen Ankles"
Flu,"Sudden Mood Changes, Painful Breathing, Excessive Yawning"
Polio,"Cold Body, Muscle Stiffness, Dehydration, Faint Heartbeat, Loss of Voice"
Scarlet Fever,"Nausea After Eating, Dry Cough, Stomach Gurgling, Sore Eyes, Pins and Needles Sensation, Trouble Sleeping, Abnormal Skin Color"
Sepsis,"Muscle Weakness, Blurred Vision, Excessive Thirst, Tinnitus, Sore Eyes"
Epilepsy,"Pain When Urinating, Frequent Throat Clearing, Inflamed Gums, Insomnia After Eating, Swollen Ankles"
Cystic Fibrosis,"Skin Peeling, Difficulty Breathing, Belly Bloating, Swelling, Soreness in Jaw"
Premature Ejaculation,"Choking Sensation, Dry Cough, Black or Tarry Stools, Unstable Walking"
Whooping Cough,"Cold Sweats, Neck Stiffness, Cold Sweats"
Hypertension,"Irregular Menstrual Cycle, Loss of Voice, Joint Swelling, Lack of Focus"
Throat Cancer,"Nervousness, Sensitivity to Cold, Decreased Libido, Cold Sweats"
Tendonitis,"Persistent Hiccups, Bloodshot Eyes, Lack of Focus, Fever, Heartburn, Unexplained Back Pain"
Hand-Foot-and-Mouth Disease,"Inflamed Gums, Increased Hunger, Loss of Appetite, Abnormal Heartbeat, Head Tilt, Loss of Coordination"
Bone Fracture,"Rash on Skin, Muscle Cramps, Sensitivity to Cold, Difficulty Speaking, Hunger Pangs, Nausea, Severe Abdominal Pain"
Amblyopia,"Tingling Sensation, Feeling Swollen, Nervousness, Rash on Skin"
Chlamydia,"Blurred Vision, Feeling of Floating, Poor Appetite, Loss of Voice, Sensitivity to Cold, Pale Complexion"
Sickle Cell Anemia,"Feeling Cold, Pale Skin, Throbbing Headache, Dry Lips, Runny Nose"
Thyroid Disorder,"Painful Swallowing, Tired Eyes, Coughing at Night, Frequent Throat Clearing, Dark Urine, Unexplained Back Pain"
Rubella,"Dry Mouth, Blurry Eyes, Weight Gain, Tired Eyes, Feeling Cold"
Anxiety,"Dry Mouth, Eye Irritation, Coughing"
Hemophilia,"Hoarseness, Aching Body, Muscle Weakness, Vomiting, Painful Skin"
Hearing Loss,"Unexplained Weight Loss, Excessive Thirst, Fainting"
Gilbert’s Syndrome,"Restlessness, Headaches After Eating, Abdominal Pain, Chronic Fatigue, Pale or Yellow Tongue, Eye Irritation, Increased Sleepiness"
Hyperopia,"Tingling Sensation, Drowsy Feeling, Severe Fatigue"
Addison’s Disease,"Weight Gain, Memory Loss, Runny Nose"
Mumps,"Pain in Chest, Heavy Breathing, Numbness, Vomiting Food"
Meningitis,"Dehydration, Sudden Weakness, Drowsiness, Swollen Abdomen"
Fibromyalgia,"Dry Mouth, Cold Feet, Loss of Voice, Blurred Vision, Dry Throat, Flu-like Symptoms"
PTSD,"Nosebleeds, Reduced Appetite, Swollen Ankles, Itchy Skin, Thick Mucus, Cramps, Cough"
Myocarditis,"Painful Swallowing, Fever, Excessive Coughing at Night, Insomnia After Eating"
Pancreatic Cancer,"Eye Irritation, Abnormal Joint Movements, Loss of Appetite"
Dust Allergy,"Unexplained Weight Loss, Frequent Urination at Night, Stomach Cramps, Sore Eyes, Reduced Appetite, Sore Gums, Nervousness"
Gallstones,"Chest Pain, Nausea without Vomiting, Tiredness after Work, Cramps, Difficulty Moving Arms or Legs, Swelling"
Obsessive-Compulsive Disorder,"Numbness, Fatigue after Eating, Tinnitus, Dizziness upon Standing"
Dust Allergy,"Muscle Tension, Pale Skin, Shortness of Breath, Coughing up Blood, Frequent Throat Clearing"
Radiation Sickness,"Pain in Legs, Increased Salivation, Dry Mouth, Nausea, Trouble Sleeping, Blood in Stool, Frequent Burping"
Rubella,"Uncontrollable Shaking, Tingling in Feet, Hiccups, Neck Stiffness, Coughing up Blood, Unexplained Weight Loss"
Pollen Allergy,"Cold Shivers, Persistent Nausea, Nausea, Excessive Yawning"
Astigmatism,"Inflamed Gums, Soreness in Jaw, Dizziness upon Standing, Bloody Mucus"
Anorexia,"Fatigue after Eating, Frequent Urination at Night, Dry Mouth, Painful Breathing, Hunger Pangs, Cold Body"
Impetigo,"Difficulty Speaking, Blurred Vision, Mild Headache, Painful Stomach, Gastric Bloating, Coughing"
Radiation Sickness,"Tiredness after Work, Jaundice, Flushing, Increased Salivation, Bleeding Gums"
Insect Bite Allergy,"Stomach Gurgling, Swollen Feet, Tightness in Chest, Itchy Nose, Dehydration, Joint Pain, Irritable Bowels"
Sjogren’s Syndrome,"Pounding Heart, Unexplained Weight Loss, Rash on Skin, Sore Throat"
Constipation,"Chills, Pale Lips, Sore Teeth, Chest Pain, Head Tilt, Cough, Skin Redness"
Pancreatic Cancer,"Chronic Coughing, Drowsy Feeling, Dry Throat, Restlessness, Muscle Stiffness, Frequent Urination, Vomiting Blood"
Tinnitus,"Persistent Cough, Vomiting, Memory Loss"
Color Blindness,"Hunger Pangs, Memory Loss, Mild Headache, Weakness in Arms or Legs, Increased Thirst, Joint Pain, Cold Feet"
Diverticulitis,"Memory Loss, Persistent Nausea, Fatigue after Exercise, Thick Mucus"
Trigeminal Neuralgia,"Sore Eyes, Confusion, Sudden Heart Palpitations, Fatigue, Head Pressure"
Multiple Sclerosis,"Memory Loss, Feeling Swollen, Sore Gums, Difficulty Swallowing"
Lupus,"Uncontrollable Shaking, Vomiting Blood, Coughing, Blurred Vision, Confusion, Muscle Cramps, Painful Breathing"
Cellulitis,"Tinnitus, Pale Complexion, Dry Cough at Night"
Carpal Tunnel Syndrome,"Neck Pain, Sore Teeth, Stomach Upset, Sore Throat"
Trichomoniasis,"Increased Heart Rate, Muscle Tension, Itchy Eyes, Hunger Pangs, Dark Urine, Sensitivity to Cold"
Sickle Cell Anemia,"Loss of Taste or Smell, Difficulty Moving Arms or Legs, Cold Body, Flu-like Symptoms, Vision Problems"
Typhoid,"Unstable Walking, Painful Abdominal Area, Stomach Upset"
Appendicitis,"Neck Pain, Mouth Ulcers, Rash, Painful Joints"
Pancreatic Cancer,"Hunger Pangs, Lack of Energy, Chronic Coughing, Pale Skin"
Diverticulitis,"Irritable Bowels, Feeling Swollen, Pain Behind Eyes, Head Pressure"
Impetigo,"Nervousness, Trouble Sleeping, Chills, Swollen Glands, Belly Bloating, Frequent Urination at Night"
Scabies,"Drowsiness, Decreased Libido, Tightness in Chest, Hiccups, Difficulty Moving Arms or Legs, Tingling in Feet"
Polycystic Ovary Syndrome,"Pain during Exercise, Cold Feet, Pain When Urinating, Frequent Burping, Eye Irritation"
Chickenpox,"Itchy Skin, Black or Tarry Stools, Severe Fatigue, Unexplained Weight Loss"
Prostate Cancer,"Mouth Ulcers, Numbness in Hands or Feet, Dry Lips, Itchy Skin, Swelling"
ALS,"Increased Salivation, Painful Skin, Pain Behind Eyes, Heavy Breathing, Painful Swallowing"
Skin Cancer,"Heartburn, Excessive Urination at Night, Difficulty Speaking, Cold Feet"
Dust Allergy,"Painful Swallowing, Nausea without Vomiting, Swollen Abdomen, Pain in Chest, Cold Shivers, Gag Reflex"
Pancreatitis,"Tinnitus, Nausea, Seizures, Feeling Swollen"
Hypothermia,"Pain in Chest, Pain Behind Eyes, Skin Rash, Loss of Balance"
Hyperopia,"Hunger Pangs, Tiredness after Work, Excessive Yawning, Muscle Tension, Tremors, Thick Mucus"
Glaucoma,"Eye Irritation, Neck Pain, Dizziness upon Standing, Painful Joints, Faint Heartbeat, Nausea After Eating, Memory Loss"
Diabetes,"Sore Eyes, Difficulty Breathing, Sensitivity to Light, Bloodshot Eyes"
Gallbladder Disease,"Feeling Cold, Tingling in Hands, Confusion, Fatigue, Hoarseness, Muscle Weakness, Painful Swallowing"
Gallbladder Disease,"Severe Chest Pressure, Aching Body, Bleeding Gums, Head Pressure"
ACL Injury,"Increased Salivation, Dry Cough at Night, Leg Swelling, Skin Redness, Fever, Excessive Coughing at Night"
Multiple Sclerosis,"Numbness in Hands or Feet, Pain Behind Eyes, Persistent Hiccups, Itchy Nose, Neck Stiffness"
Tourette Syndrome,"Headache, Chest Pain, Sensitivity to Touch, Sensation of Pressure, Mouth Ulcers, Sudden Heart Palpitations, Abnormal Joint Movements"
Ulcerative Colitis,"Head Pressure, Feeling of Floating, Excessive Urination at Night, Difficulty Walking, Sensation of Pressure, Abnormal Skin Color, Eye Strain"
HIV/AIDS,"Stiff Joints, Slight Fever, Heaviness in Chest, Persistent Thirst, Itchy Skin, Cramps"
Hepatitis A,"Mouth Ulcers, Dry Cough at Night, Stomach Upset"
ALS,"Confusion, Bloodshot Eyes, Yellowing of Skin or Eyes, Sudden Heart Palpitations"
Herpes,"Dizziness, Low Blood Pressure, Sore Teeth, Painful Urination"
Psoriasis,"Dark Urine, Frequent Burping, Stomach Upset, Dry Lips, Sensitivity to Touch, Painful Skin"
Bronchitis,"Bloody Mucus, Lethargy, Severe Abdominal Pain, Dry Skin"
GERD,"Persistent Thirst, Skin Rash, Abnormal Skin Color, Soreness in Jaw, Unexplained Bleeding, Loss of Smell, Increased Sweating"
ACL Injury,"Spasms in Muscles, Tingling Sensation, Difficulty Concentrating"
Obsessive-Compulsive Disorder,"Memory Loss, Abdominal Pain, Pain during Exercise, Abnormal Joint Movements, Severe Fatigue"
Lyme Disease,"Cold Sweats, Excessive Hunger, Swollen Abdomen, Tingling in Hands"
Graves’ Disease,"Nausea, Sensitivity to Light, Irritable Mood, Painful Breathing, Increased Respiratory Rate, Sudden Heart Palpitations"
Rheumatoid Arthritis,"Severe Fatigue, Decreased Libido, Constipation, Unexplained Weight Loss"
Sickle Cell Anemia,"Loss of Taste, Itchy Skin, Chronic Back Pain, Shortness of Breath after Exercise"
Lichen Planus,"Lethargy, Heaviness in Chest, Unexplained Bleeding, Difficulty Swallowing"
Whooping Cough,"Memory Loss, Vomiting Food, Shortness of Breath after Exercise, Increased Sleepiness"
Ringworm,"Cold Feet, Reduced Senses, Mild Headache, Severe Abdominal Pain"
Menstrual Disorders,"Dark Urine, Painful Skin, Numbness, Loss of Smell"
Menopause,"Loss of Voice, Dehydration, Restlessness"
Appendicitis,"Itchy Eyes, Dry Throat, Painful Swallowing, Excessive Urination at Night"
Turner Syndrome,"Loss of Consciousness, Difficulty Walking, Excessive Coughing at Night, Muscle Stiffness, Bloody Mucus"
Epilepsy,"Hoarseness, Painful Swallowing, Painful Stomach"
Autism Spectrum Disorder,"Loss of Appetite, Memory Loss, Sore Throat, Feeling of Floating, Muscle Weakness, Discomfort during Eating"
Rubella,"Bloating, Itchy Skin, Heaviness in Chest"
Bipolar Disorder,"Painful Urination, Stiff Joints, Inflamed Gums"
Drug Addiction,"Irritable Bowels, Weakness in Arms or Legs, Neck Stiffness, Cold Feet"
Endometriosis,"Insomnia, Loss of Taste or Smell, Reduced Appetite"
Burns,"Headache, Mouth Ulcers, Nausea without Vomiting, Vomiting Blood, Insomnia After Eating, Dry Skin"
Depression,"Excessive Urination at Night, Pins and Needles Sensation, Sore Eyes"
Plantar Fasciitis,"Poor Appetite, Feeling of Floating, Bloating, Difficulty Breathing"
Tetanus,"Chronic Back Pain, Muscle Tension, Decreased Libido, Muscle Weakness, Tingling Sensation, Chills"
Endometriosis,"Pounding Heart, Itchy Skin, Muscle Weakness, Shortness of Breath"
Diverticulitis,"Pain in Legs, Hot Flashes, Mental Fog, Constipation, Memory Loss, Mouth Ulcers"
Hemophilia,"Excessive Coughing at Night, Rapid Heart Rate, Lack of Focus, Vomiting, Vomiting Food, Frequent Burping"
Cataract,"Shortness of Breath, Excessive Hunger, Tremors, Heaviness in Chest, Joint Pain"
Pharyngitis,"Tingling Sensation, Loss of Coordination, Skin Bruising, Difficulty Walking, Runny Nose, Sweating, Joint Swelling"
Boils,"Hard to Breathe, Faint Heartbeat, Feeling Cold, Feeling of Fullness, Shivering, Tingling in Feet"
Bell’s Palsy,"Pale or Yellow Tongue, Vomiting, Pain Behind Eyes, Drowsiness"
Dyslexia,"Stomach Cramps, Neck Stiffness, Cough, Sore Gums, Fainting, Bleeding Gums"
Hashimoto’s Thyroiditis,"Cold Body, Frequent Urination, Excessive Coughing at Night, Cold Feet, Vomiting Blood, Neck Stiffness"
Astigmatism,"Feeling Swollen, Excessive Urination at Night, Skin Redness, Fatigue after Exercise, Vomiting Blood, Sore Throat"
Hyperopia,"Dry Lips, Faint Heartbeat, Eye Irritation, Tingling in Hands, Sore Throat, Persistent Nausea"
Mononucleosis,"Increased Sleepiness, Difficulty Speaking, Swollen Ankles, Memory Loss, Insomnia, Drowsiness, Fatigue after Eating"
Restless Leg Syndrome,"Constipation, Feeling of Floating, Vomiting, Dry Skin"
Rheumatoid Arthritis,"Nausea After Eating, Chronic Back Pain, Dry Skin, Vomiting Blood, Itchy Nose"
Dry Eye Syndrome,"Tiredness, Chills, Loss of Smell, Weakness in Arms or Legs, Excessive Thirst, Feeling Swollen, Severe Abdominal Pain"
Motion Sickness,"Coughing at Night, Poor Appetite, Pain in Chest, Stomach Upset, Lack of Energy"
Migraine,"Low Blood Pressure, Coughing at Night, Severe Fatigue, Dizziness upon Standing, Fainting, Flu-like Symptoms"
COVID-19,"Drowsy Feeling, Hiccups, Sore Eyes, Vomiting, Difficulty Moving Arms or Legs"
Rheumatoid Arthritis,"Bloody Mucus, Loss of Appetite, Increased Sleepiness, Dry Skin, Sweating"
Oral Cancer,"Weight Loss, Tired Eyes, Tingling in Hands, Nosebleeds, Unusual Sweating, Bleeding Gums"
Throat Cancer,"Sudden Mood Changes, Lack of Energy, Increased Salivation, Frequent Throat Clearing, Difficulty Breathing, Flu-like Symptoms"
Scarlet Fever,"Swollen Lymph Nodes, Insomnia, Difficulty Breathing, Mental Fog, Sore Eyes"
Otitis Media,"Chronic Back Pain, Rash on Skin, Dry Skin"
Sepsis,"Difficulty Speaking, Lack of Energy, Drowsiness, Loss of Taste, Difficulty Breathing"
Ulcerative Colitis,"Persistent Nausea, Neck Pain, Chronic Coughing, Excessive Drooling, Blood in Stool"
Myopia,"Persistent Sneezing, Pins and Needles Sensation, Numbness, Shivering, Tingling Sensation, Memory Loss"
Bone Fracture,"Cold Hands, Hard to Breathe, Insomnia, Rapid Heart Rate, Heartburn, Loss of Balance, Tightness in Chest"
Mononucleosis,"Fatigue, Fatigue after Exercise, Dry Lips, Pale or Yellow Tongue"
Heat Stroke,"Confusion, Lethargy, Shortness of Breath, Hiccups"
Tourette Syndrome,"Vomiting Food, Insomnia After Eating, Cold Feet, Pale or Yellow Tongue"
Malaria,"Lack of Energy, Vision Problems, Dizziness upon Standing, Belly Bloating, Head Tilt, Lack of Focus"
PTSD,"Swollen Lymph Nodes, Swollen Ankles, Abnormal Heartbeat"
Herpes,"Loss of Taste, Chronic Back Pain, Dry Cough at Night"
Anemia,"Vomiting Food, Joint Swelling, Nausea"
Eczema,"Vomiting Blood, Muscle Tension, Unstable Walking, Shortness of Breath after Exercise, Trouble Sleeping, Loss of Smell, Abnormal Joint Movements"
Heat Stroke,"Thick Mucus, Throbbing Headache, Loss of Coordination, Increased Salivation, Pale Skin, Excessive Urination at Night"
Celiac Disease,"Bloody Mucus, Hearing Loss, Pounding Heart, Loss of Taste or Smell"
Appendicitis,"Head Tilt, Painful Skin, Slight Fever, Swollen Feet, Irritable Bowels"
Astigmatism,"Mouth Ulcers, Unusual Sweating, Painful Joints, Pale Skin, Choking Sensation, Eye Strain"
Malaria,"Reduced Appetite, Shortness of Breath after Exercise, Unexplained Weight Loss, Difficulty Walking"
Rheumatoid Arthritis,"Unstable Walking, Tired Eyes, Excessive Thirst, Mild Headache, Loss of Voice"
Pancreatitis,"Sore Throat, Frequent Thirst, Persistent Sneezing"
Rabies,"Persistent Nausea, Fatigue, Weight Loss, Memory Loss"
Anorexia,"Feeling of Floating, Irritable Mood, Swollen Lymph Nodes"
Menopause,"Mouth Ulcers, Swelling, Tiredness, Gag Reflex"
Stomach Infection,"Tremors, Eye Irritation, Gastric Bloating, Persistent Thirst, Loss of Smell, Frequent Urination"
Astigmatism,"Swollen Glands, Vision Problems, Vomiting Food, Gag Reflex, Nervousness, Cold Sweats, Numbness"
Whooping Cough,"Black or Tarry Stools, Difficulty Speaking, Tingling Sensation, Fainting, Mental Fog, Nosebleeds"
Addison’s Disease,"Abdominal Pain, Numbness in Arms, Tightness in Chest, Chest Pain, Unexplained Weight Loss, Irritable Mood, Persistent Thirst"
Cervical Cancer,"Joint Swelling, Spasms in Muscles, Severe Abdominal Pain"
Measles,"Pins and Needles Sensation, Unexplained Bleeding, Dry Throat, Itchy Eyes, Swollen Lymph Nodes, Loss of Consciousness"
Tuberculosis,"Nausea, Swollen Abdomen, Painful Abdominal Area, Painful Swallowing, Severe Cough, Rapid Heart Rate, Loss of Taste"
Dengue,"Insomnia After Eating, Blurred Vision, Cold Shivers, Chest Pain, Numbness in Hands or Feet, Discomfort during Eating, Sensitivity to Cold"
ACL Injury,"Excessive Thirst, Loss of Voice, Nausea After Eating, Bleeding Gums"
Chlamydia,"Aching Body, Swollen Abdomen, Increased Sweating, Tightness in Chest, Sore Eyes, Sensation of Pressure, Abdominal Pain"
Bladder Cancer,"Eye Irritation, Tingling Sensation, Runny Nose, Tiredness, Sore Eyes, Flu-like Symptoms"
Migraine,"Thick Mucus, Pale Skin, Coughing"
Snake Bite,"Tiredness, Hyperactivity, Aching Body, Pain in Legs"
Bell’s Palsy,"Tiredness, Loss of Appetite, Frequent Thirst"
Obsessive-Compulsive Disorder,"Throbbing Headache, Eye Irritation, Numbness in Hands or Feet"
Gallbladder Disease,"Numbness in Arms, Severe Fatigue, Tingling Sensation, Feeling Cold, Stiff Joints, Bloodshot Eyes, Heaviness in Chest"
Dust Allergy,"Cramps, Pale Skin, Rash on Skin, Pain Behind Eyes, Cold Feet"
Schizophrenia,"Mouth Ulcers, Frequent Burping, Hiccups, Numbness in Arms, Bleeding Gums"
Testicular Cancer,"Difficulty Speaking, Tightness in Chest, Sudden Mood Changes, Tired Eyes, Pale or Yellow Tongue, Abnormal Heartbeat, Hiccups"
Fibromyalgia,"Loss of Coordination, Excessive Thirst, Dry Eyes, Lethargy, Dry Throat, Head Pressure, Difficulty Walking"
Testicular Cancer,"Aching Body, Frequent Thirst, Increased Sleepiness, Irritable Bowels, Nausea without Vomiting, Numbness"
Tetanus,"Yellowing of Skin or Eyes, Hard to Breathe, Itchy Nose, Pain Behind Eyes, Choking Sensation"
Rheumatoid Arthritis,"Difficulty Breathing, Severe Cough, Sensitivity to Light, Chronic Coughing, Tiredness, Rash, Sensation of Pressure"
Tinnitus,"Muscle Weakness, Coughing, Swollen Ankles, Confusion"
Epilepsy,"Pale Skin, Difficulty Speaking, Painful Urination, Blurred Vision"
Cholera,"Uncontrollable Shaking, Gag Reflex, Restlessness, Bloating, Dry Eyes, Increased Salivation, Persistent Hiccups"
Skin Cancer,"Excessive Coughing at Night, Insomnia, Tingling in Feet"
Lactose Intolerance,"Bloody Mucus, Poor Appetite, Gastric Bloating, Memory Loss, Unexplained Bleeding, Mild Headache"
Drug Addiction,"Pale Skin, Swollen Ankles, Weight Gain, Pale Lips"
Typhoid,"Dry Lips, Skin Peeling, Itchy Nose, Nausea, Hyperactivity, Dry Throat, Pale Skin"
Skin Cancer,"Swollen Glands, Poor Appetite, Tingling in Feet, Unusual Moles or Spots, Fainting, Sweating"
Cellulitis,"Shortness of Breath after Exercise, Dry Skin, Decreased Libido, Skin Peeling, Loss of Appetite, Mental Fog"
Tonsillitis,"Excessive Hunger, Frequent Burping, Drowsy Feeling, Painful Abdominal Area, Swelling"
Fibromyalgia,"Runny Nose, Skin Peeling, Difficulty Speaking, Confusion, Lack of Energy"
Sinusitis,"Headache, Feeling Out of Breath, Pounding Heart, Blurry Eyes, Swollen Lymph Nodes, Tingling in Hands, Aching Body"
Carbon Monoxide Poisoning,"Memory Loss, Unusual Sweating, Dry Cough at Night, Cold Shivers, Abdominal Pain, Fatigue after Exercise"
Gonorrhea,"Coughing up Blood, Dry Skin, Decreased Libido"
Radiation Sickness,"Pale Complexion, Stiff Joints, Dizziness upon Standing, Vision Problems, Drowsy Feeling"
Asthma,"Frequent Urination, Unexplained Bleeding, Numbness in Hands or Feet, Pain in Chest"
Tonsillitis,"Difficulty Speaking, Eye Irritation, Dizziness upon Standing"
Ovarian Cancer,"Unexplained Weight Loss, Painful Abdominal Area, Sweating, Abnormal Skin Color, Soreness in Jaw, Dry Mouth"
Varicose Veins,"Painful Swallowing, Restlessness, Frequent Urination at Night"
Gallbladder Disease,"Difficulty Walking, Dry Throat, Abnormal Skin Color, Tingling in Feet"
Alcoholism,"Black or Tarry Stools, Swelling, Drowsiness, Increased Thirst, Dry Lips"
Tuberculosis,"Numbness in Hands or Feet, Dizziness upon Standing, Neck Stiffness, Persistent Nausea, Insomnia, Severe Cough, Cold Sweats"
Depression,"Mild Headache, Poor Appetite, Itchy Nose, Increased Sweating"
Erectile Dysfunction,"Swollen Lymph Nodes, Heaviness in Chest, Muscle Weakness, Confusion, Frequent Throat Clearing, Tingling Sensation, Increased Sleepiness"
Measles,"Vomiting Blood, Sore Teeth, Vomiting Food, Blurry Eyes"
Lichen Planus,"Loss of Voice, Swollen Feet, Weight Loss, Eye Irritation, Swollen Abdomen, Pale Lips"
Chickenpox,"Chest Pain, Excessive Yawning, Lack of Coordination, Pale Lips"
Menstrual Disorders,"Persistent Cough, Irritable Bowels, Headaches After Eating, Headache, Mouth Ulcers, Loss of Appetite"
Plantar Fasciitis,"Leg Swelling, Seizures, Loss of Smell"
Color Blindness,"Rash on Skin, Joint Pain, Unexplained Back Pain, Persistent Cough, Vision Problems"
Osteoporosis,"Irritable Bowels, Joint Swelling, Blood in Stool, Stomach Cramps"
Restless Leg Syndrome,"Joint Pain, Difficulty Speaking, Increased Sleepiness, Persistent Thirst, Poor Appetite"
Chlamydia,"Restlessness, Cold Sweats, Swollen Ankles, Painful Skin, Chronic Back Pain"
Tetanus,"Headaches After Eating, Stomach Upset, Cold Sweats, Increased Sleepiness"
Chlamydia,"Persistent Sneezing, Numbness in Hands or Feet, Cramps, Increased Respiratory Rate, Head Pressure"
Osteoarthritis,"Severe Cough, Numbness, Difficulty Moving Arms or Legs, Bleeding Gums, Joint Swelling, Difficulty Walking, Stomach Cramps"
Endometriosis,"Choking Sensation, Dry Eyes, Unusual Moles or Spots, Discomfort during Eating"
Vertigo,"Pain during Exercise, Belly Bloating, Joint Swelling, Constipation, Unstable Walking"
Leukemia,"Loss of Consciousness, Irritable Bowels, Sore Gums, Weight Loss, Chronic Coughing, Mouth Ulcers, Nausea without Vomiting"
Food Allergies,"Dizziness upon Standing, Lethargy, Shortness of Breath, Tiredness after Work, Fatigue, Faint Heartbeat"
Gastritis,"Chest Pain, Loss of Taste or Smell, Soreness in Jaw"
Astigmatism,"Sensitivity to Touch, Chronic Coughing, Seizures, Muscle Weakness"
Prostate Cancer,"Seizures, Mild Headache, Diarrhea, Difficulty Speaking, Dry Cough, Sore Teeth"
Obsessive-Compulsive Disorder,"Increased Heart Rate, Heartburn, Slight Fever, Loss of Consciousness"
Otitis Media,"Headaches After Eating, Insomnia After Eating, Choking Sensation"
Tinnitus,"Swollen Abdomen, Pale Skin, Tired Eyes, Joint Swelling, Dry Cough, Chronic Back Pain, Runny Nose"
Dengue,"Increased Thirst, Frequent Thirst, Muscle Tension, Head Tilt"
Herpes,"Trouble Sleeping, Throbbing Headache, Muscle Cramps, Tingling in Feet, Frequent Throat Clearing, Excessive Drooling, Vomiting Blood"
Varicose Veins,"Tingling Sensation, Nosebleeds, Fainting, Difficulty Speaking, Frequent Burping, Sore Muscles"
Hepatitis B,"Headache, Feeling of Floating, Soreness in Jaw, Excessive Drooling, Lack of Energy, Constipation"
Narcolepsy,"Increased Sweating, Itchy Nose, Difficulty Concentrating, Muscle Cramps, Bloodshot Eyes"
Crohn's Disease,"Fever, Spasms in Muscles, Itchy Eyes, Body Aches, Gastric Bloating, Tiredness after Work"
ACL Injury,"Chills, Bloody Mucus, Loss of Coordination"
Food Poisoning,"Unstable Walking, Black or Tarry Stools, Vomiting, Abnormal Heartbeat"
Food Poisoning,"Bloating, Gag Reflex, Abnormal Skin Color"
ACL Injury,"Skin Redness, Loss of Balance, Dizziness, Fatigue after Eating, Excessive Hunger"
Depression,"Sweating, Dizziness upon Standing, Restlessness, Increased Sweating, Persistent Sneezing, Tingling in Hands"
Astigmatism,"Coughing at Night, Bloodshot Eyes, Gastric Bloating"
Bell’s Palsy,"Sudden Heart Palpitations, Slight Fever, Sweating, Sensitivity to Cold, Pins and Needles Sensation"
Malaria,"Sudden Heart Palpitations, Numbness, Loss of Consciousness, Fainting"
Laryngitis,"Difficulty Concentrating, Sore Muscles, Severe Fatigue, Vomiting Food, Itchy Eyes, Persistent Thirst"
Plantar Fasciitis,"Choking Sensation, Jaundice, Fatigue after Eating, Muscle Weakness, Slight Fever"
Erectile Dysfunction,"Pain Behind Eyes, Increased Thirst, Chronic Coughing, Abnormal Skin Color, Loss of Taste or Smell"
HIV/AIDS,"Chronic Coughing, Vomiting, Neck Pain, Unexplained Back Pain, Increased Hunger"
Sinusitis,"Sensitivity to Light, Fatigue, Dry Lips, Pain in Chest"
Dyslexia,"Difficulty Concentrating, Numbness, Swollen Feet, Loss of Appetite, Painful Urination, Chronic Coughing, Painful Skin"
Chickenpox,"Swollen Glands, Insomnia After Eating, Inflamed Gums, Dehydration, Tightness in Chest"
Benign Prostatic Hyperplasia,"Loss of Consciousness, Blurred Vision, Stomach Cramps, Drowsy Feeling"
Reye’s Syndrome,"Inflamed Gums, Difficulty Swallowing, Leg Swelling"
Spinal Cord Injury,"Increased Thirst, Fainting, Loss of Balance"
Varicose Veins,"Memory Loss, Belly Bloating, Irritable Mood, Restlessness, Sudden Weakness"
ADHD,"Diarrhea, Seizures, Flushing, Sore Gums, Night Sweats, Itchy Nose"
Syphilis,"Cramps, Choking Sensation, Skin Bruising, Feeling Swollen"
Alzheimer's Disease,"Hoarseness, Pounding Heart, Itchy Skin, Excessive Hunger, Cold Sweats"
Infertility,"Poor Appetite, Increased Respiratory Rate, Muscle Cramps, Abnormal Heartbeat, Pain When Urinating"
Lyme Disease,"Sensitivity to Light, Memory Loss, Swollen Ankles"
Raynaud's Disease,"Persistent Sneezing, Excessive Hunger, Chronic Fatigue, Pain in Chest"
Throat Cancer,"Fatigue, Belly Bloating, Diarrhea, Hyperactivity, Choking Sensation, Increased Salivation, Pain in Chest"
Lung Cancer,"Frequent Thirst, Cold Shivers, Muscle Weakness, Stomach Cramps, Loss of Consciousness, Shortness of Breath"
Erectile Dysfunction,"Frequent Urination at Night, Skin Redness, Painful Swallowing, Swollen Abdomen, Frequent Urination"
Bursitis,"Excessive Yawning, Pins and Needles Sensation, Pain in Chest, Persistent Hiccups, Itchy Eyes"
Schizophrenia,"Sensitivity to Light, Insomnia After Eating, Severe Cough, Diarrhea, Painful Swallowing, Loss of Appetite, Bleeding Gums"
Trigeminal Neuralgia,"Difficulty Speaking, Diarrhea, Swelling, Reduced Senses, Shortness of Breath after Exercise, Swollen Feet, Rash on Skin"
Endometriosis,"Frequent Urination, Weight Gain, Difficulty Moving Arms or Legs, Hiccups, Yellowing of Skin or Eyes, Diarrhea, Vomiting Blood"
Color Blindness,"Bloody Mucus, Skin Rash, Rash on Skin, Lack of Energy, Persistent Hiccups, Seizures"
Altitude Sickness,"Swollen Abdomen, Chronic Back Pain, Dizziness, Coughing at Night"
Fibromyalgia,"Pain during Exercise, Abnormal Skin Color, Stiff Joints, Painful Breathing"
Osteoarthritis,"Lack of Focus, Dry Mouth, Dry Skin, Cough, Lack of Energy"
Reye’s Syndrome,"Painful Swallowing, Blurred Vision, Frequent Urination, Black or Tarry Stools"
Infertility,"Night Sweats, Bloody Mucus, Neck Pain, Feeling of Fullness, Sore Muscles"
Bell’s Palsy,"Fatigue after Exercise, Irritable Bowels, Slight Fever"
Sunburn,"Severe Abdominal Pain, Jaundice, Severe Cough"
Impetigo,"Irregular Menstrual Cycle, Dry Mouth, Bloating, Dry Lips, Feeling Swollen, Muscle Stiffness"
Alcoholism,"Cold Sweats, Stomach Upset, Painful Urination, Head Pressure"
GERD,"Tired Eyes, Uncontrollable Shaking, Neck Stiffness, Cough, Pain in Chest, Persistent Nausea"
Turner Syndrome,"Severe Abdominal Pain, Difficulty Walking, Vision Problems, Pain during Exercise, Muscle Cramps"
Cushing’s Syndrome,"Sore Muscles, Dry Cough, Reduced Senses, Frequent Throat Clearing, Eye Irritation"
Trigeminal Neuralgia,"Swelling, Itchy Skin, Swollen Abdomen, Pale Complexion, Sore Eyes"
Hiatal Hernia,"Numbness in Arms, Unexplained Weight Loss, Muscle Weakness"
Radiation Sickness,"Abnormal Joint Movements, Swollen Ankles, Vomiting Blood"
Conjunctivitis,"Sore Muscles, Chest Pain, Fainting, Vomiting Food, Bleeding Gums, Seizures, Dry Skin"
Appendicitis,"Increased Hunger, Hearing Loss, Fainting, Chest Pain"
Polio,"Sore Muscles, Bleeding Gums, Jaundice"
Bursitis,"Weight Gain, Gag Reflex, Unusual Sweating, Skin Bruising, Cold Hands"
Leukemia,"Unusual Sweating, Fatigue, Reduced Appetite, Inflamed Gums"
Hashimoto’s Thyroiditis,"Pain Behind Eyes, Body Aches, Cold Shivers, Skin Redness, Sensation of Pressure, Muscle Cramps, Persistent Hiccups"
Cancer,"Swollen Lymph Nodes, Hearing Loss, Loss of Voice, Lack of Coordination, Feeling Cold, Fainting, Frequent Urination at Night"
Scabies,"Bleeding Gums, Increased Salivation, Severe Fatigue, Hearing Loss, Stiff Joints, Sensitivity to Touch, Cold Body"
Hypertension,"Shortness of Breath, Soreness in Jaw, Dry Skin, Confusion"
Breast Cancer,"Painful Joints, Fatigue after Eating, Sore Gums, Joint Swelling, Coughing at Night, Bloating, Fainting"
Breast Cancer,"Persistent Nausea, Chest Pain, Frequent Urination, Increased Respiratory Rate, Loss of Taste or Smell, Severe Chest Pressure"
ALS,"Fatigue, Persistent Sneezing, Numbness in Hands or Feet, Pale Lips"
Hypertension,"Pain in Chest, Shivering, Rapid Heart Rate, Black or Tarry Stools"
Depression,"Loss of Voice, Unexplained Back Pain, Swollen Lymph Nodes, Painful Swallowing, Lack of Focus, Mouth Ulcers"
Graves’ Disease,"Gag Reflex, Dehydration, Constipation"
Meningitis,"Coughing, Sudden Weakness, Flu-like Symptoms, Severe Chest Pressure, Faint Heartbeat, Chills, Swollen Feet"
Bulimia,"Gag Reflex, Reduced Senses, Chills, Shivering"
Radiation Sickness,"Stomach Gurgling, Sudden Weakness, Shortness of Breath, Insomnia, Shortness of Breath after Exercise, Fatigue after Eating, Decreased Libido"
Eczema,"Loss of Balance, Skin Peeling, Unusual Moles or Spots, Irritable Mood, Heaviness in Chest"
Insect Bite Allergy,"Heaviness in Chest, Numbness in Hands or Feet, Bleeding Gums, Unusual Moles or Spots, Loss of Voice"
Plantar Fasciitis,"Spasms in Muscles, Cold Body, Discomfort during Eating, Swollen Ankles"
Hand-Foot-and-Mouth Disease,"Increased Heart Rate, Severe Cough, Dry Eyes, Skin Redness"
Eczema,"Increased Respiratory Rate, Heavy Breathing, Pain in Legs"
Pet Allergy,"Cold Sweats, Persistent Hiccups, Excessive Urination at Night, Blurred Vision, Tingling in Feet, Tired Eyes"
Raynaud's Disease,"Leg Swelling, Dizziness upon Standing, Sensitivity to Touch"
Depression,"Sore Throat, Constipation, Sore Throat, Numbness in Arms"
Bursitis,"Unusual Moles or Spots, Pale Skin, Unusual Sweating, Increased Salivation"
Pancreatitis,"Pain during Exercise, Cold Feet, Muscle Stiffness"
Meningitis,"Itchy Eyes, Blurred Vision, Difficulty Walking, Weight Loss, Nervousness"
Leukemia,"Unexplained Back Pain, Unexplained Bleeding, Increased Heart Rate, Reduced Senses, Hard to Breathe, Feeling of Floating, Painful Swallowing"
Alzheimer's Disease,"Painful Urination, Frequent Urination at Night, Blurred Vision"
Bulimia,"Hoarseness, Painful Stomach, Lack of Coordination, Feeling of Fullness, Memory Loss"
PTSD,"Bleeding Gums, Thick Mucus, Loss of Taste or Smell, Pain in Chest, Bloating, Tingling in Feet"
Dry Eye Syndrome,"Reduced Senses, Difficulty Breathing, Blurry Eyes, Tingling in Feet"
Pollen Allergy,"Unexplained Bleeding, Weight Loss, Muscle Cramps, Frequent Urination at Night, Bloody Mucus"
Myocarditis,"Sore Teeth, Increased Thirst, Swollen Ankles, Joint Swelling, Irritable Mood, Sensitivity to Cold, Hiccups"
Addison’s Disease,"Heartburn, Choking Sensation, Vision Problems, Insomnia After Eating, Decreased Libido"
Chickenpox,"Increased Salivation, Slight Fever, Sensitivity to Cold, Pale Skin, Rash"
Eczema,"Tremors, Tired Eyes, Cough, Increased Sleepiness"
Bulimia,"Frequent Urination at Night, Hoarseness, Confusion"
Heart Disease,"Sensation of Pressure, Feeling Cold, Persistent Nausea"
Sepsis,"Muscle Cramps, Sudden Heart Palpitations, Bloody Mucus"
Food Poisoning,"Itchy Eyes, Throbbing Headache, Weight Gain, Shortness of Breath after Exercise, Persistent Nausea"
Bladder Cancer,"Persistent Sneezing, Pain Behind Eyes, Runny Nose, Choking Sensation"
Hepatitis A,"Fatigue, Irregular Menstrual Cycle, Skin Bruising, Dry Lips, Swollen Glands, Abdominal Pain"
Tourette Syndrome,"Eye Strain, Sweating, Unusual Sweating, Painful Urination, Pins and Needles Sensation"
Urinary Tract Infection,"Pain in Chest, Headache, Feeling of Floating, Uncontrollable Shaking, Persistent Cough, Hiccups, Seizures"
Encephalitis,"Chronic Coughing, Pounding Heart, Lack of Focus, Pale Lips"
Epilepsy,"Fever, Hiccups, Blood in Stool"
Reye’s Syndrome,"Memory Loss, Drowsy Feeling, Weight Gain, Hearing Loss"
Appendicitis,"Uncontrollable Shaking, Severe Chest Pressure, Dizziness upon Standing, Feeling of Fullness, Pale Lips, Coughing at Night, Stiff Joints"
Breast Cancer,"Cold Feet, Mouth Ulcers, Frequent Urination, Dry Mouth"
Frostbite,"Shortness of Breath, Sensitivity to Cold, Night Sweats, Dry Eyes, Aching Body, Cold Shivers"
Warts,"Sore Teeth, Painful Abdominal Area, Sudden Weakness, Fainting, Belly Bloating, Chronic Coughing"
ADHD,"Pale Complexion, Unexplained Weight Loss, Black or Tarry Stools, Vomiting, Pain Behind Eyes, Head Pressure"
Jet Lag,"Excessive Hunger, Headache, Flushing, Blurry Eyes"
Herpes,"Eye Irritation, Dry Cough at Night, Jaundice"
Tetanus,"Swollen Glands, Vomiting Food, Vision Problems"
Bursitis,"Hyperactivity, Painful Breathing, Chronic Fatigue, Skin Bruising, Numbness in Hands or Feet, Drowsiness, Reduced Appetite"
Jet Lag,"Unexplained Back Pain, Itchy Eyes, Cold Sweats, Difficulty Moving Arms or Legs, Difficulty Walking"
Cushing’s Syndrome,"Drowsiness, Chest Pain, Nervousness"
Insomnia,"Restlessness, Skin Peeling, Painful Swallowing, Chronic Coughing, Rash on Skin, Headache"
Herpes,"Sore Eyes, Frequent Burping, Difficulty Concentrating, Tingling in Feet"
Diverticulitis,"Restlessness, Flushing, Head Pressure, Excessive Drooling, Hunger Pangs, Stomach Gurgling"
Arthritis,"Painful Swallowing, Swollen Abdomen, Nausea without Vomiting, Excessive Hunger, Flu-like Symptoms"
Cushing’s Syndrome,"Hot Flashes, Sore Gums, Increased Thirst, Poor Appetite, Hyperactivity, Difficulty Swallowing"
Osteoarthritis,"Numbness, Memory Loss, Stomach Gurgling, Severe Fatigue, Loss of Smell, Frequent Burping"
Gonorrhea,"Insomnia, Cold Body, Feeling of Fullness"
Bipolar Disorder,"Insomnia After Eating, Coughing at Night, Muscle Cramps, Severe Abdominal Pain, Hard to Breathe, Tingling in Hands"
Gallbladder Disease,"Abnormal Joint Movements, Abdominal Pain, Rash on Skin, Difficulty Walking"
Benign Prostatic Hyperplasia,"Feeling Out of Breath, Irritable Mood, Fatigue after Exercise, Swollen Feet, Dizziness, Rapid Heart Rate"
Altitude Sickness,"Abnormal Heartbeat, Heaviness in Chest, Pale Complexion, Pain during Exercise"
Infertility,"Chronic Fatigue, Numbness in Arms, Reduced Appetite"
Menopause,"Shivering, Difficulty Moving Arms or Legs, Sore Eyes, Severe Cough, Mild Headache"
Scarlet Fever,"Gag Reflex, Blurred Vision, Swollen Glands, Vomiting, Nausea After Eating, Tightness in Chest, Jaundice"
Aneurysm,"Unusual Sweating, Weight Loss, Insomnia After Eating, Runny Nose, Tinnitus, Muscle Weakness, Sore Throat"
Shingles,"Drowsiness, Excessive Thirst, Loss of Taste or Smell, Sudden Weakness, Muscle Weakness, Rash on Skin, Fainting"
Typhoid,"Pale Complexion, Pins and Needles Sensation, Unexplained Bleeding, Difficulty Walking, Coughing, Loss of Voice"
Bee Sting,"Sensitivity to Cold, Fatigue, Gag Reflex, Joint Pain"
Pericarditis,"Feeling Swollen, Sweating, Heaviness in Chest, Painful Joints, Uncontrollable Shaking, Dry Throat"
Thyroid Disorder,"Excessive Thirst, Sweating, Severe Cough, Dry Cough, Mouth Ulcers"
Conduct Disorder,"Pale Skin, Fatigue, Persistent Nausea, Restlessness, Dizziness upon Standing"
Sepsis,"Tired Eyes, Dry Cough, Throbbing Headache, Blurry Eyes, Difficulty Moving Arms or Legs, Unexplained Back Pain"
Anorexia,"Painful Breathing, Reduced Appetite, Aching Body"
Sickle Cell Anemia,"Pale Complexion, Inflamed Gums, Irritable Mood, Sudden Heart Palpitations, Shortness of Breath after Exercise, Severe Cough, Blurred Vision"
Sleep Apnea,"Drowsy Feeling, Abnormal Skin Color, Muscle Cramps"
Altitude Sickness,"Chronic Back Pain, Rash, Lethargy"
Prostate Cancer,"Swollen Glands, Mild Headache, Neck Pain"
Wilson’s Disease,"Increased Salivation, Tired Eyes, Jaundice, Sudden Weakness, Difficulty Walking"
Endometriosis,"Muscle Weakness, Cold Hands, Tiredness after Work, Sudden Heart Palpitations"
Carbon Monoxide Poisoning,"Sore Eyes, Muscle Cramps, Neck Pain, Gastric Bloating, Abnormal Skin Color, Feeling Out of Breath"
Conjunctivitis,"Joint Pain, Trouble Sleeping, Painful Swallowing, Cold Feet, Difficulty Moving Arms or Legs, Leg Swelling, Fatigue after Eating"
Cystic Fibrosis,"Chills, Thick Mucus, Excessive Hunger, Dehydration"
Obesity,"Sore Muscles, Unexplained Bleeding, Painful Joints, Cramps, Abnormal Joint Movements"
Benign Prostatic Hyperplasia,"Fatigue after Exercise, Tingling in Hands, Abnormal Joint Movements, Sweating, Neck Stiffness"
Pharyngitis,"Excessive Thirst, Painful Stomach, Increased Heart Rate"
Marfan Syndrome,"Insomnia, Shortness of Breath after Exercise, Drowsiness"
Bursitis,"Vomiting Blood, Faint Heartbeat, Poor Appetite, Uncontrollable Shaking, Sore Gums, Itchy Skin"
ACL Injury,"Bloating, Itchy Eyes, Swollen Glands, Painful Swallowing, Cold Shivers"
Psoriasis,"Runny Nose, Black or Tarry Stools, Reduced Senses, Sore Eyes, Sore Teeth"
Rheumatoid Arthritis,"Cold Body, Jaundice, Skin Redness, Persistent Hiccups, Tightness in Chest, Rash on Skin"
Skin Cancer,"Cough, Numbness in Arms, Rash, Pins and Needles Sensation, Swollen Lymph Nodes"
Encephalitis,"Tired Eyes, Stiff Joints, Weight Loss, Head Tilt, Shortness of Breath after Exercise, Heartburn"
Strep Throat,"Sudden Mood Changes, Leg Swelling, Rash, Muscle Cramps"
Kawasaki Disease,"Throbbing Headache, Vision Problems, Pins and Needles Sensation, Painful Urination, Dry Cough"
Wilson’s Disease,"Feeling of Fullness, Cough, Cold Hands, Sudden Heart Palpitations, Sore Throat"
Obesity,"Gastric Bloating, Weakness in Arms or Legs, Tingling Sensation, Memory Loss, Nausea After Eating"
Polio,"Blurred Vision, Excessive Drooling, Numbness in Arms, Itchy Skin, Inflamed Gums, Cold Sweats, Tired Eyes"
Raynaud's Disease,"Loss of Taste, Tightness in Chest, Painful Skin, Choking Sensation"
Ulcerative Colitis,"Constipation, Reduced Appetite, Itchy Eyes, Frequent Thirst"
Shingles,"Poor Appetite, Frequent Urination at Night, Pale Complexion, Loss of Consciousness, Increased Hunger"
Sepsis,"Excessive Thirst, Stomach Gurgling, Rash on Skin, Blood in Stool"
Color Blindness,"Pale Complexion, Cramps, Shortness of Breath after Exercise, Yellowing of Skin or Eyes, Difficulty Walking"
Polio,"Pain in Legs, Persistent Hiccups, Painful Swallowing, Swollen Lymph Nodes, Persistent Cough"
Peanut Allergy,"Cold Hands, Hoarseness, Feeling of Fullness, Frequent Urination, Joint Swelling"
Gout,"Numbness in Arms, Fainting, Skin Rash, Swelling, Tightness in Chest"
Tuberculosis,"Sore Eyes, Painful Swallowing, Abnormal Skin Color, Excessive Hunger, Dry Cough"
Polio,"Hot Flashes, Mental Fog, Black or Tarry Stools, Unstable Walking"
Tonsillitis,"Drowsy Feeling, Unusual Sweating, Constipation"
PTSD,"Lack of Coordination, Restlessness, Mental Fog, Cold Shivers, Unstable Walking"
Pericarditis,"Pain in Chest, Dizziness upon Standing, Discomfort during Eating, Unusual Sweating, Vision Problems, Painful Stomach"
Sunburn,"Skin Bruising, Dizziness upon Standing, Unexplained Back Pain, Cold Hands"
Pericarditis,"Coughing, Chills, Skin Rash, Pain in Chest"
ACL Injury,"Cold Sweats, Belly Bloating, Stiff Joints, Sweating, Loss of Taste, Persistent Thirst, Unexplained Back Pain"
Macular Degeneration,"Lack of Coordination, Excessive Yawning, Inflamed Gums, Discomfort during Eating, Nausea without Vomiting, Pale Skin, Dry Throat"
Narcolepsy,"Swelling, Increased Heart Rate, Dehydration, Loss of Balance"
Hyperopia,"Flu-like Symptoms, Hearing Loss, Confusion, Painful Swallowing, Seizures, Unexplained Back Pain"
Graves’ Disease,"Unexplained Bleeding, Pain Behind Eyes, Cough, Muscle Tension, Faint Heartbeat, Sensitivity to Touch, Body Aches"
Graves’ Disease,"Dry Skin, Excessive Drooling, Lack of Focus, Drowsiness"
Endometriosis,"Dizziness upon Standing, Unexplained Back Pain, Lack of Energy, Shortness of Breath after Exercise, Cold Shivers, Persistent Cough, Tiredness"
Dengue,"Increased Sleepiness, Head Pressure, Itchy Eyes, Abdominal Pain"
Restless Leg Syndrome,"Vomiting Food, Joint Swelling, Gastric Bloating"
Wilson’s Disease,"Feeling of Floating, Difficulty Concentrating, Cold Hands, Insomnia After Eating"
Gonorrhea,"Hot Flashes, Skin Redness, Diarrhea"
Osteoarthritis,"Inflamed Gums, Skin Bruising, Slight Fever, Shortness of Breath after Exercise, Tingling Sensation, Reduced Senses"
Tetanus,"Stomach Upset, Flu-like Symptoms, Bloody Mucus"
Obesity,"Weight Loss, Headache, Sore Muscles, Frequent Burping, Cold Shivers, Seizures"
Trichomoniasis,"Hyperactivity, Mild Headache, Unexplained Weight Loss, Difficulty Breathing, Trouble Sleeping, Stomach Upset"
Bursitis,"Bloody Mucus, Fever, Skin Peeling, Muscle Stiffness"
Hashimoto’s Thyroiditis,"Dehydration, Confusion, Severe Fatigue, Lack of Coordination, Severe Abdominal Pain, Vomiting Blood, Coughing up Blood"
Bronchitis,"Painful Stomach, Thick Mucus, Mental Fog"
Mumps,"Yellowing of Skin or Eyes, Unexplained Weight Loss, Fainting, Itchy Nose, Heavy Breathing, Runny Nose"
Snake Bite,"Headaches After Eating, Spasms in Muscles, Mouth Ulcers, Constipation, Persistent Thirst"
Cholera,"Faint Heartbeat, Blurry Eyes, Painful Swallowing, Irregular Menstrual Cycle, Hard to Breathe, Reduced Appetite, Swollen Lymph Nodes"
Macular Degeneration,"Low Blood Pressure, Persistent Nausea, Flushing, Dry Mouth, Memory Loss, Swollen Lymph Nodes, Difficult Breathing"
Tendonitis,"Tired Eyes, Pounding Heart, Pain in Chest, Dry Cough at Night, Difficulty Swallowing"
Pulmonary Embolism,"Vomiting, Spasms in Muscles, Loss of Consciousness, Tinnitus, Itchy Eyes, Irregular Menstrual Cycle, Rapid Heart Rate"
Hemophilia,"Cold Hands, Sweating, Dry Skin, Seizures, Frequent Burping, Painful Swallowing, Difficulty Moving Arms or Legs"
Drug Addiction,"Painful Joints, Dry Skin, Tingling in Feet, Pain during Exercise, Sweating, Chronic Coughing"
Anxiety,"Leg Swelling, Confusion, Pale or Yellow Tongue, Irregular Menstrual Cycle, Reduced Senses, Dry Mouth, Excessive Hunger"
Bronchitis,"Cold Hands, Pale Skin, Muscle Tension, Sudden Weakness, Skin Bruising, Pain in Legs"
Benign Prostatic Hyperplasia,"Rash on Skin, Slight Fever, Difficulty Moving Arms or Legs, Trouble Sleeping, Unstable Walking"
Tinnitus,"Hard to Breathe, Drowsiness, Body Aches, Loss of Smell, Dry Skin"
Chlamydia,"Shivering, Insomnia After Eating, Faint Heartbeat"
Osteoarthritis,"Abnormal Heartbeat, Soreness in Jaw, Pins and Needles Sensation, Gastric Bloating, Excessive Coughing at Night, Skin Rash"
Anaphylaxis,"Stiff Joints, Irritable Bowels, Pins and Needles Sensation, Dry Lips"
Vertigo,"Stiff Joints, Muscle Cramps, Sudden Weakness, Increased Thirst, Increased Salivation, Chills, Increased Hunger"
Pancreatic Cancer,"Bleeding Gums, Dry Throat, Constipation, Dark Urine, Loss of Consciousness"
Sinusitis,"Feeling Cold, Hard to Breathe, Swelling, Chronic Coughing, Sensation of Pressure, Unexplained Weight Loss, Neck Stiffness"
Trichomoniasis,"Hard to Breathe, Difficulty Breathing, Sudden Mood Changes, Severe Fatigue, Pale Skin, Swollen Lymph Nodes, Chest Pain"
Conjunctivitis,"Sore Gums, Difficulty Speaking, Muscle Cramps, Loss of Taste or Smell"
Strep Throat,"Tired Eyes, Belly Bloating, Eye Irritation, Swollen Feet, Increased Sleepiness, Persistent Hiccups"
Conduct Disorder,"Pale Lips, Pale Skin, Itchy Eyes"
Depression,"Dry Mouth, Rash on Skin, Seizures"
Kawasaki Disease,"Cold Sweats, Joint Swelling, Tiredness after Work, Skin Rash"
Shellfish Allergy,"Muscle Stiffness, Sudden Heart Palpitations, Restlessness, Pale Lips, Dry Eyes"
Fibromyalgia,"Difficulty Speaking, Aching Body, Tired Eyes, Skin Peeling, Tiredness after Work, Painful Abdominal Area, Tremors"
Schizophrenia,"Pale Lips, Dry Skin, Numbness, Pale or Yellow Tongue, Flushing, Bloody Mucus, Hard to Breathe"
Diabetes,"Irritable Bowels, Nervousness, Discomfort during Eating, Fainting, Hearing Loss, Persistent Cough"
Mononucleosis,"Sensitivity to Light, Difficulty Swallowing, Irregular Menstrual Cycle, Swollen Abdomen, Sensitivity to Touch"
Pollen Allergy,"Rapid Heart Rate, Cramps, Pins and Needles Sensation, Unexplained Back Pain, Painful Swallowing, Tired Eyes, Excessive Yawning"
Scarlet Fever,"Increased Respiratory Rate, Persistent Cough, Dizziness upon Standing, Jaundice"
Stroke,"Head Pressure, Swelling, Drowsiness, Weight Gain"
Anaphylaxis,"Feeling Out of Breath, Fainting, Itchy Nose, Lack of Focus, Black or Tarry Stools, Jaundice"
Lead Poisoning,"Hiccups, Heaviness in Chest, Pale or Yellow Tongue, Sore Eyes, Swollen Lymph Nodes"
Esophageal Cancer,"Pins and Needles Sensation, Pain during Exercise, Bloody Mucus, Gag Reflex, Fainting, Loss of Taste or Smell, Coughing up Blood"
Lung Cancer,"Coughing up Blood, Abnormal Heartbeat, Vomiting Blood, Sore Muscles"
Laryngitis,"Rash on Skin, Painful Stomach, Difficulty Speaking, Neck Pain, Weight Loss, Nervousness"
Conduct Disorder,"Bloody Mucus, Loss of Appetite, Weight Gain, Vision Problems, Inflamed Gums, Diarrhea, Heavy Breathing"
Sinusitis,"Seizures, Difficulty Walking, Hard to Breathe, Frequent Urination, Cramps, Excessive Hunger"
Depression,"Painful Skin, Sore Gums, Abnormal Heartbeat"
Hypothermia,"Hard to Breathe, Feeling of Floating, Constipation, Painful Joints, Abnormal Skin Color, Mild Headache, Sore Throat"
Osteoporosis,"Neck Stiffness, Loss of Coordination, Difficult Breathing"
Impetigo,"Soreness in Jaw, Sore Gums, Sudden Mood Changes, Difficulty Walking, Bloody Mucus"
Benign Prostatic Hyperplasia,"Eye Irritation, Muscle Cramps, Joint Swelling, Diarrhea, Cramps, Cold Shivers, Trouble Sleeping"
ACL Injury,"Dry Throat, Nausea After Eating, Yellowing of Skin or Eyes, Pale Skin, Eye Irritation, Chronic Fatigue"
Cholera,"Weakness in Arms or Legs, Muscle Cramps, Dry Cough at Night"
Breast Cancer,"Shortness of Breath after Exercise, Rash on Skin, Restlessness, Abdominal Pain, Painful Abdominal Area, Chronic Back Pain"
Diabetes,"Gastric Bloating, Nervousness, Muscle Cramps"
Asthma,"Loss of Smell, Chronic Back Pain, Slight Fever, Dry Cough at Night, Feeling Swollen, Headaches After Eating"
Encephalitis,"Frequent Urination, Hunger Pangs, Headaches After Eating, Swollen Abdomen, Flushing"
Scarlet Fever,"Swollen Ankles, Persistent Cough, Blurred Vision"
Hypothermia,"Unexplained Weight Loss, Tiredness after Work, Painful Stomach, Dizziness upon Standing"
Polio,"Neck Pain, Coughing at Night, Stomach Cramps, Trouble Sleeping"
Diabetes,"Head Tilt, Nausea without Vomiting, Painful Skin, Joint Swelling, Neck Pain"
Altitude Sickness,"Feeling of Floating, Vomiting Food, Increased Salivation, Swollen Lymph Nodes, Sudden Weakness, Hard to Breathe, Weight Gain"
Burns,"Dry Mouth, Tingling in Feet, Hunger Pangs, Pounding Heart"
Conjunctivitis,"Frequent Thirst, Cold Sweats, Chronic Back Pain, Belly Bloating"
Insomnia,"Cold Shivers, Muscle Tension, Eye Irritation"
Epilepsy,"Rash, Muscle Stiffness, Reduced Appetite, Muscle Cramps, Eye Irritation, Skin Peeling, Reduced Senses"
Infertility,"Tightness in Chest, Loss of Appetite, Inflamed Gums, Stomach Cramps, Pounding Heart, Tingling Sensation, Tired Eyes"
Hiatal Hernia,"Dizziness upon Standing, Nausea After Eating, Heaviness in Chest"
Hyperopia,"Pain Behind Eyes, Joint Pain, Sore Muscles, Rapid Heart Rate, Loss of Appetite, Thick Mucus"
Lichen Planus,"Trouble Sleeping, Difficult Breathing, Feeling of Fullness"
Esophageal Cancer,"Faint Heartbeat, Vomiting Food, Persistent Hiccups, Vomiting Blood, Loss of Appetite, Feeling of Floating"
Addison’s Disease,"Difficulty Walking, Frequent Thirst, Skin Peeling, Dry Mouth, Numbness in Arms, Dry Cough, Hard to Breathe"
Radiation Sickness,"Hoarseness, Insomnia After Eating, Excessive Hunger"
Bulimia,"Vomiting Blood, Cold Feet, Numbness, Irregular Menstrual Cycle, Itchy Eyes, Rash, Tightness in Chest"
Stroke,"Difficulty Breathing, Difficulty Moving Arms or Legs, Choking Sensation, Tremors"
Reye’s Syndrome,"Tingling Sensation, Headache, Shivering, Persistent Cough, Stomach Gurgling, Unusual Sweating, Hyperactivity"
Schizophrenia,"Mouth Ulcers, Decreased Libido, Stomach Upset, Unstable Walking, Feeling Out of Breath, Painful Breathing"
Trigeminal Neuralgia,"Pain When Urinating, Swollen Feet, Black or Tarry Stools, Coughing, Body Aches, Loss of Smell, Loss of Taste or Smell"
Multiple Sclerosis,"Painful Swallowing, Pins and Needles Sensation, Memory Loss, Numbness"
Esophageal Cancer,"Bloodshot Eyes, Sudden Heart Palpitations, Excessive Thirst"
Marfan Syndrome,"Head Pressure, Aching Body, Eye Strain"
Mononucleosis,"Fatigue, Frequent Thirst, Blurry Eyes, Abnormal Heartbeat, Rash"
HIV/AIDS,"Tightness in Chest, Loss of Consciousness, Dry Mouth, Heaviness in Chest"
Alcoholism,"Head Pressure, Runny Nose, Frequent Thirst, Dry Cough at Night, Vision Problems, Fatigue after Eating"
Lead Poisoning,"Heaviness in Chest, Difficulty Breathing, Muscle Stiffness, Lack of Energy, Muscle Cramps, Dizziness upon Standing"
Hyperopia,"Blurred Vision, Abnormal Joint Movements, Cold Hands, Painful Stomach, Sore Muscles"
Diverticulitis,"Feeling Swollen, Weight Gain, Chest Pain, Cold Body, Stiff Joints"
Anaphylaxis,"Hyperactivity, Painful Stomach, Skin Bruising, Pins and Needles Sensation, Feeling Out of Breath, Hot Flashes, Weight Loss"
Psoriasis,"Weight Gain, Loss of Consciousness, Swollen Lymph Nodes, Sweating, Persistent Thirst, Leg Swelling"
Sinusitis,"Coughing at Night, Severe Cough, Spasms in Muscles, Low Blood Pressure, Tremors, Sore Gums, Flu-like Symptoms"
Reye’s Syndrome,"Insomnia After Eating, Faint Heartbeat, Pain in Chest, Rash on Skin, Nosebleeds"
Diverticulitis,"Hyperactivity, Pale Complexion, Nausea"
Carpal Tunnel Syndrome,"Lack of Focus, Drowsy Feeling, Lack of Energy"
Sinusitis,"Itchy Skin, Thick Mucus, Soreness in Jaw, Sweating, Hot Flashes, Yellowing of Skin or Eyes, Mental Fog"
Bursitis,"Chills, Severe Abdominal Pain, Chronic Coughing, Tingling Sensation, Night Sweats"
Hyperopia,"Frequent Throat Clearing, Skin Rash, Lack of Coordination, Pain When Urinating, Severe Abdominal Pain"
Appendicitis,"Increased Sweating, Night Sweats, Feeling Swollen, Stiff Joints, Tinnitus"
Kidney Disease,"Weight Gain, Sore Throat, Dry Skin, Abdominal Pain, Pain Behind Eyes, Pale Skin, Tiredness"
Anxiety,"Abnormal Heartbeat, Cramps, Pins and Needles Sensation, Choking Sensation, Rash on Skin"
Turner Syndrome,"Cold Sweats, Vision Problems, Uncontrollable Shaking, Weakness in Arms or Legs, Coughing up Blood, Dry Eyes"
Cancer,"Muscle Stiffness, Fatigue after Eating, Mild Headache, Excessive Coughing at Night"
Throat Cancer,"Bloody Mucus, Loss of Taste or Smell, Excessive Hunger, Memory Loss"
Irritable Bowel Syndrome,"Painful Joints, Dizziness, Vision Problems, Sore Gums"
Sickle Cell Anemia,"Pins and Needles Sensation, Poor Appetite, Slight Fever, Neck Stiffness"
Myopia,"Frequent Urination, Sensitivity to Cold, Headache, Eye Irritation, Chronic Coughing, Tremors"
Malaria,"Lethargy, Frequent Urination, Headache, Blurred Vision, Pale or Yellow Tongue, Dehydration"
Malaria,"Uncontrollable Shaking, Painful Stomach, Loss of Voice"
Bee Sting,"Jaundice, Confusion, Persistent Cough, Dry Cough"
Celiac Disease,"Abnormal Heartbeat, Nervousness, Itchy Nose, Constipation, Hunger Pangs"
Plantar Fasciitis,"Flushing, Painful Skin, Body Aches, Difficulty Moving Arms or Legs"
Warts,"Dry Cough, Loss of Taste or Smell, Sore Teeth, Hot Flashes, Pale Skin, Throbbing Headache"
Skin Cancer,"Sore Teeth, Confusion, Excessive Yawning, Yellowing of Skin or Eyes"
Stroke,"Choking Sensation, Tingling in Hands, Memory Loss, Painful Urination, Aching Body, Painful Swallowing"
Laryngeal Cancer,"Abnormal Joint Movements, Dry Cough, Tingling in Feet, Itchy Nose, Swelling, Blurred Vision"
Kidney Stones,"Jaundice, Excessive Yawning, Sore Throat, Confusion"
Sepsis,"Skin Rash, Decreased Libido, Itchy Eyes"
Heart Disease,"Itchy Nose, Painful Urination, Dizziness, Loss of Taste or Smell, Increased Heart Rate, Cold Hands, Tingling Sensation"
Fibromyalgia,"Hoarseness, Hot Flashes, Heaviness in Chest, Fatigue after Eating, Blood in Stool"
Bulimia,"Dizziness upon Standing, Difficulty Walking, Fainting"
Diabetes,"Unexplained Bleeding, Numbness in Arms, Inflamed Gums, Severe Cough, Pain When Urinating, Sudden Mood Changes, Difficulty Moving Arms or Legs"
Color Blindness,"Feeling of Floating, Joint Pain, Abnormal Heartbeat"
Cushing’s Syndrome,"Reduced Appetite, Lack of Coordination, Severe Fatigue"
Pulmonary Embolism,"Thick Mucus, Rapid Heart Rate, Rash"
Lyme Disease,"Skin Rash, Hyperactivity, Tiredness after Work, Diarrhea, Fainting, Tiredness, Heaviness in Chest"
Ulcerative Colitis,"Painful Joints, Head Tilt, Fever, Yellowing of Skin or Eyes, Coughing at Night, Feeling Cold, Heavy Breathing"
Myocarditis,"Dark Urine, Swollen Lymph Nodes, Trouble Sleeping, Unexplained Weight Loss, Abdominal Pain"
Mercury Poisoning,"Sore Muscles, Painful Skin, Low Blood Pressure, Difficulty Walking, Abnormal Joint Movements, Dry Mouth, Fainting"
Bone Fracture,"Coughing up Blood, Sweating, Weight Gain, Hoarseness"
Lactose Intolerance,"Frequent Urination, Lack of Energy, Confusion"
Prostate Cancer,"Sensitivity to Touch, Painful Swallowing, Nervousness, Fatigue after Exercise, Headache, Choking Sensation"
Lung Cancer,"Tinnitus, Difficulty Walking, Stomach Upset"
Strep Throat,"Sudden Mood Changes, Drowsiness, Coughing at Night, Rash on Skin"
COVID-19,"Swollen Feet, Shortness of Breath after Exercise, Joint Swelling"
Varicose Veins,"Insomnia After Eating, Cold Hands, Frequent Burping"
Insomnia,"Bleeding Gums, Sudden Heart Palpitations, Sensitivity to Cold, Cold Hands, Hiccups, Tiredness after Work, Bloating"
Hemophilia,"Excessive Drooling, Difficulty Swallowing, Painful Swallowing"
Jet Lag,"Pain Behind Eyes, Headache, Muscle Weakness, Weakness in Arms or Legs, Difficult Breathing"
Mononucleosis,"Pain in Chest, Swollen Lymph Nodes, Memory Loss, Blurry Eyes, Stomach Upset"
Vertigo,"Loss of Coordination, Nausea, Unstable Walking, Aching Body, Fever"
Rubella,"Nausea, Chronic Back Pain, Increased Thirst, Loss of Consciousness"
Flu,"Excessive Hunger, Excessive Yawning, Skin Rash, Pale Lips"
Oral Cancer,"Numbness in Hands or Feet, Sensitivity to Light, Eye Irritation, Hoarseness, Muscle Stiffness, Lack of Focus"
Irritable Bowel Syndrome,"Fatigue, Painful Swallowing, Yellowing of Skin or Eyes"
Cystic Fibrosis,"Loss of Coordination, Frequent Throat Clearing, Eye Irritation, Mental Fog, Severe Abdominal Pain, Severe Chest Pressure, Chills"
Frostbite,"Flushing, Constipation, Increased Heart Rate, Skin Bruising"
Liver Disease,"Vision Problems, Unexplained Back Pain, Persistent Hiccups"
Shingles,"Seizures, Nausea, Pins and Needles Sensation, Increased Hunger, Weight Gain, Severe Fatigue"
Wilson’s Disease,"Unusual Moles or Spots, Abnormal Joint Movements, Trouble Sleeping, Loss of Consciousness, Choking Sensation, Increased Hunger"
Radiation Sickness,"Reduced Appetite, Frequent Throat Clearing, Loss of Consciousness, Skin Redness"
Glaucoma,"Mouth Ulcers, Bleeding Gums, Black or Tarry Stools, Loss of Voice, Confusion"
Flu,"Chronic Coughing, Choking Sensation, Itchy Eyes, Increased Heart Rate, Dry Cough, Increased Sweating, Discomfort during Eating"
Marfan Syndrome,"Restlessness, Heartburn, Fainting, Cold Hands"
Endocarditis,"Nervousness, Leg Swelling, Cold Body"
Autism Spectrum Disorder,"Stiff Joints, Blurred Vision, Inflamed Gums, Tingling Sensation"
Rheumatoid Arthritis,"Trouble Sleeping, Flu-like Symptoms, Bloating, Dry Cough, Dizziness upon Standing"
Wilson’s Disease,"Pale Skin, Painful Swallowing, Coughing at Night, Blurred Vision, Aching Body"
Polio,"Swollen Ankles, Mental Fog, Unstable Walking, Rash on Skin"
Cataract,"Severe Abdominal Pain, Painful Skin, Feeling of Floating, Frequent Burping, Dry Skin, Lack of Coordination"
Sjogren’s Syndrome,"Feeling Cold, Pale Skin, Bloodshot Eyes, Irritable Mood, Nosebleeds, Muscle Cramps"
Carbon Monoxide Poisoning,"Pain in Legs, Tinnitus, Restlessness, Painful Skin, Choking Sensation"
Rheumatoid Arthritis,"Sudden Weakness, Tinnitus, Sudden Mood Changes"
Sciatica,"Frequent Throat Clearing, Trouble Sleeping, Vomiting Food, Loss of Taste, Nosebleeds, Numbness, Memory Loss"
Herpes,"Flu-like Symptoms, Sore Throat, Neck Pain"
Reye’s Syndrome,"Tingling Sensation, Painful Skin, Excessive Thirst"
Endocarditis,"Tiredness, Pounding Heart, Tired Eyes, Reduced Appetite, Persistent Nausea, Confusion"
Cystic Fibrosis,"Excessive Drooling, Vomiting, Dry Lips, Mouth Ulcers, Nausea"
ACL Injury,"Painful Skin, Cold Body, Feeling of Floating, Weight Gain, Severe Cough"
Lichen Planus,"Painful Stomach, Low Blood Pressure, Excessive Thirst, Uncontrollable Shaking, Neck Stiffness"
Warts,"Mouth Ulcers, Frequent Urination at Night, Difficulty Swallowing"
Bladder Cancer,"Vomiting, Unusual Sweating, Slight Fever"
Polio,"Excessive Hunger, Hard to Breathe, Slight Fever, Inflamed Gums, Dry Eyes, Feeling of Fullness"
Frostbite,"Hard to Breathe, Feeling Swollen, Choking Sensation"
Bee Sting,"Throbbing Headache, Hot Flashes, Itchy Nose, Neck Stiffness"
Sunburn,"Vomiting Blood, Painful Swallowing, Chest Pain"
Zika Virus,"Tightness in Chest, Swollen Glands, Feeling of Fullness, Sore Muscles, Sudden Mood Changes, Headache, Rapid Heart Rate"
Kawasaki Disease,"Bloodshot Eyes, Pale Skin, Lack of Focus, Dizziness upon Standing, Irritable Bowels, Bloody Mucus, Skin Rash"
Hand-Foot-and-Mouth Disease,"Tiredness, Mild Headache, Dry Eyes, Increased Sweating, Numbness in Hands or Feet, Skin Redness"
Pneumonia,"Nausea, Confusion, Dry Cough at Night"
Hepatitis A,"Tremors, Sore Throat, Abnormal Skin Color, Trouble Sleeping, Weight Gain, Hearing Loss"
Restless Leg Syndrome,"Severe Cough, Itchy Eyes, Irritable Mood"
Hyperopia,"Cough, Frequent Throat Clearing, Hunger Pangs, Excessive Drooling, Feeling of Fullness"
Rubella,"Rapid Heart Rate, Neck Stiffness, Throbbing Headache, Tremors, Slight Fever, Itchy Nose, Sore Eyes"
Diverticulitis,"Painful Swallowing, Weight Loss, Irregular Menstrual Cycle, Insomnia, Belly Bloating"
Sarcoidosis,"Nausea After Eating, Irregular Menstrual Cycle, Muscle Cramps, Feeling Out of Breath, Frequent Thirst"
Drug Addiction,"Dry Lips, Excessive Thirst, Loss of Voice, Nausea After Eating"
Impetigo,"Swollen Lymph Nodes, Skin Redness, Sore Eyes, Shivering, Cold Sweats"
Cervical Cancer,"Dry Lips, Coughing up Blood, Loss of Voice, Gag Reflex"
Tetanus,"Dehydration, Gastric Bloating, Fainting, Confusion"
Stroke,"Dry Cough, Persistent Hiccups, Gag Reflex, Painful Skin, Dry Skin"
Myopia,"Blurred Vision, Soreness in Jaw, Drowsy Feeling, Shortness of Breath, Head Pressure, Cold Sweats, Body Aches"
Klinefelter Syndrome,"Constipation, Dry Cough at Night, Fever"
Infertility,"Unusual Moles or Spots, Sensitivity to Cold, Difficulty Walking, Blurred Vision, Throbbing Headache"
Dry Eye Syndrome,"Pain When Urinating, Numbness, Mouth Ulcers"
Bell’s Palsy,"Sore Throat, Confusion, Dry Mouth, Shortness of Breath, Sudden Heart Palpitations, Hunger Pangs"
Plantar Fasciitis,"Spasms in Muscles, Gag Reflex, Fatigue after Exercise, Dizziness upon Standing, Difficulty Moving Arms or Legs, Loss of Balance, Difficulty Concentrating"
Snake Bite,"Chronic Coughing, Feeling Cold, Frequent Urination at Night, Dry Skin, Flu-like Symptoms, Pale Skin"
Snake Bite,"Stiff Joints, Reduced Appetite, Flu-like Symptoms"
Kawasaki Disease,"Increased Respiratory Rate, Tingling in Hands, Weight Gain, Dizziness upon Standing, Numbness, Increased Salivation, Trouble Sleeping"
Urinary Tract Infection,"Swollen Lymph Nodes, Drowsiness, Cold Hands, Frequent Urination at Night, Dry Throat"
Glaucoma,"Faint Heartbeat, Sore Gums, Persistent Hiccups"
Amblyopia,"Choking Sensation, Cough, Heartburn"
ALS,"Discomfort during Eating, Fever, Difficulty Walking"
Sleep Apnea,"Memory Loss, Leg Swelling, Swelling"
Insect Bite Allergy,"Difficulty Concentrating, Headaches After Eating, Hiccups, Unusual Moles or Spots, Low Blood Pressure"
Bee Sting,"Increased Respiratory Rate, Pounding Heart, Hyperactivity, Seizures, Unexplained Bleeding, Sweating"
Laryngeal Cancer,"Increased Salivation, Dry Mouth, Abdominal Pain, Lethargy, Painful Swallowing"
Sjogren’s Syndrome,"Feeling of Fullness, Cough, Frequent Thirst, Slight Fever, Feeling Cold, Yellowing of Skin or Eyes"
Appendicitis,"Coughing, Dry Eyes, Faint Heartbeat"
Impetigo,"Hiccups, Muscle Weakness, Itchy Skin, Painful Joints, Excessive Hunger, Itchy Eyes, Pain in Legs"
Tetanus,"Painful Skin, Painful Joints, Rash on Skin"
Scabies,"Eye Irritation, Jaundice, Low Blood Pressure, Blood in Stool, Sudden Heart Palpitations"
Lupus,"Swollen Ankles, Frequent Burping, Chills, Seizures"
Sjogren’s Syndrome,"Reduced Appetite, Loss of Smell, Sudden Heart Palpitations, Itchy Eyes, Difficulty Concentrating, Painful Urination, Shortness of Breath after Exercise"
Eczema,"Numbness in Arms, Increased Salivation, Spasms in Muscles"
Liver Disease,"Sensitivity to Cold, Increased Thirst, Inflamed Gums, Painful Urination"
Meningitis,"Dry Lips, Persistent Hiccups, Chronic Coughing, Skin Rash, Increased Sweating, Hyperactivity"
Carpal Tunnel Syndrome,"Weight Loss, Severe Chest Pressure, Dry Cough, Frequent Throat Clearing, Muscle Cramps"
PTSD,"Increased Sleepiness, Shortness of Breath, Bloodshot Eyes, Persistent Hiccups, Unexplained Back Pain"
Hearing Loss,"Gag Reflex, Unstable Walking, Chest Pain, Numbness in Hands or Feet, Dry Cough, Sore Throat, Skin Rash"
Plantar Fasciitis,"Mental Fog, Loss of Smell, Feeling Cold, Fatigue, Swollen Glands, Feeling Swollen, Loss of Consciousness"
Hand-Foot-and-Mouth Disease,"Cough, Flushing, Stomach Upset, Chronic Fatigue"
Vertigo,"Painful Joints, Sudden Mood Changes, Sweating, Stomach Cramps, Difficulty Swallowing, Loss of Appetite"
Ulcerative Colitis,"Vomiting Food, Sensitivity to Touch, Nausea without Vomiting, Weight Gain, Eye Strain, Dry Eyes"
Skin Cancer,"Constipation, Lack of Focus, Muscle Cramps"
Conduct Disorder,"Difficulty Moving Arms or Legs, Neck Pain, Drowsiness"
Chlamydia,"Loss of Taste or Smell, Cold Body, Fainting, Gag Reflex"
Prostatitis,"Swollen Glands, Low Blood Pressure, Painful Swallowing"
Autism Spectrum Disorder,"Painful Urination, Chronic Back Pain, Dizziness upon Standing, Fatigue after Exercise, Vomiting, Fainting, Blood in Stool"
HIV/AIDS,"Frequent Urination, Blood in Stool, Tremors, Weight Loss, Seizures"
Peanut Allergy,"Hiccups, Rash, Frequent Urination, Dry Lips, Memory Loss, Pale or Yellow Tongue"
Sepsis,"Nausea, Excessive Urination at Night, Chronic Coughing, Increased Thirst, Abnormal Heartbeat, Coughing up Blood"
Strep Throat,"Unusual Moles or Spots, Painful Joints, Reduced Appetite"
Klinefelter Syndrome,"Gag Reflex, Difficulty Breathing, Nausea After Eating"
Rheumatoid Arthritis,"Dizziness upon Standing, Sore Muscles, Throbbing Headache"
Appendicitis,"Pale Complexion, Cold Body, Hearing Loss, Shortness of Breath, Throbbing Headache, Skin Rash, Nausea without Vomiting"
Heart Disease,"Pain Behind Eyes, Painful Abdominal Area, Dark Urine, Eye Irritation, Blurred Vision"
Alzheimer's Disease,"Fainting, Painful Stomach, Dry Cough, Irregular Menstrual Cycle"
Pancreatitis,"Sore Throat, Tiredness after Work, Tingling in Feet, Bloody Mucus, Throbbing Headache"
Tonsillitis,"Nausea After Eating, Dry Mouth, Aching Body, Bloating, Discomfort during Eating, Swollen Lymph Nodes, Drowsy Feeling"
Myopia,"Bloating, Heaviness in Chest, Vomiting Blood, Dehydration, Frequent Urination"
Encephalitis,"Muscle Tension, Fainting, Stomach Upset, Persistent Sneezing, Excessive Thirst, Weight Gain"
Addison’s Disease,"Loss of Appetite, Joint Swelling, Tightness in Chest"
Dengue,"Painful Swallowing, Stiff Joints, Hyperactivity"
Schizophrenia,"Abnormal Heartbeat, Weakness in Arms or Legs, Itchy Skin, Sudden Mood Changes"
Irritable Bowel Syndrome,"Excessive Coughing at Night, Muscle Tension, Feeling Swollen, Persistent Thirst, Unusual Moles or Spots, Tightness in Chest, Excessive Yawning"
Anemia,"Seizures, Unexplained Back Pain, Body Aches, Reduced Senses"
Rheumatoid Arthritis,"Trouble Sleeping, Abnormal Skin Color, Cold Sweats, Skin Bruising, Frequent Burping"
Oral Cancer,"Pale Complexion, Painful Swallowing, Mild Headache, Confusion"
Snake Bite,"Swollen Glands, Chest Pain, Reduced Appetite, Excessive Coughing at Night, Loss of Smell, Leg Swelling, Increased Sweating"
Obesity,"Reduced Senses, Excessive Urination at Night, Excessive Yawning, Memory Loss"
Mononucleosis,"Nausea After Eating, Difficulty Moving Arms or Legs, Pale Skin, Fever, Pale Lips, Heavy Breathing, Reduced Appetite"
Heat Stroke,"Tiredness after Work, Unexplained Bleeding, Skin Peeling, Sensitivity to Light"
Testicular Cancer,"Leg Swelling, Cold Hands, Throbbing Headache, Belly Bloating, Reduced Appetite"
Obesity,"Swollen Glands, Shivering, Neck Pain, Confusion, Abnormal Heartbeat, Diarrhea, Increased Heart Rate"
Astigmatism,"Stomach Upset, Increased Sleepiness, Choking Sensation"
Cholera,"Uncontrollable Shaking, Confusion, Dry Throat, Head Tilt, Blurry Eyes, Poor Appetite, Fainting"
Ulcerative Colitis,"Hunger Pangs, Mental Fog, Difficulty Swallowing, Reduced Senses, Loss of Taste, Slight Fever, Skin Rash"
Laryngeal Cancer,"Tremors, Loss of Consciousness, Pain When Urinating, Muscle Stiffness"
Food Poisoning,"Fatigue after Exercise, Tingling Sensation, Lack of Coordination, Tinnitus, Blood in Stool, Nosebleeds"
Rubella,"Sensitivity to Cold, Hoarseness, Vomiting Food, Swollen Abdomen"
Peptic Ulcer,"Pins and Needles Sensation, Insomnia After Eating, Neck Pain, Pale or Yellow Tongue, Dehydration"
Scarlet Fever,"Severe Chest Pressure, Unexplained Weight Loss, Reduced Appetite, Pale Complexion, Runny Nose, Abdominal Pain"
Bulimia,"Headache, Irregular Menstrual Cycle, Fatigue after Exercise, Sudden Heart Palpitations"
Plantar Fasciitis,"Unusual Moles or Spots, Swollen Lymph Nodes, Hiccups, Nosebleeds, Feeling Out of Breath"
Typhoid,"Skin Rash, Severe Fatigue, Reduced Senses"
Alzheimer's Disease,"Unusual Sweating, Chronic Coughing, Seizures, Mild Headache, Fatigue after Exercise, Dry Lips"
Otitis Media,"Drowsiness, Fatigue, Blurred Vision"
Cushing’s Syndrome,"Irritable Bowels, Hoarseness, Dry Mouth, Shortness of Breath after Exercise, Fatigue after Eating"
Herpes,"Persistent Thirst, Mild Headache, Belly Bloating, Difficulty Speaking"
Arthritis,"Tiredness after Work, Lack of Focus, Tired Eyes"
ALS,"Stomach Gurgling, Joint Swelling, Pain Behind Eyes, Joint Pain"
Bell’s Palsy,"Fainting, Nausea, Bloodshot Eyes, Irritable Bowels, Tingling in Feet, Abnormal Skin Color"
Skin Cancer,"Mouth Ulcers, Pale Complexion, Sensitivity to Touch"
Deep Vein Thrombosis,"Runny Nose, Pain during Exercise, Muscle Stiffness, Painful Swallowing, Numbness, Tingling in Feet, Cold Hands"
Alzheimer's Disease,"Headaches After Eating, Sudden Heart Palpitations, Swollen Lymph Nodes, Muscle Stiffness, Low Blood Pressure, Thick Mucus, Eye Strain"
Bell’s Palsy,"Pale Skin, Persistent Sneezing, Low Blood Pressure"
Crohn's Disease,"Painful Swallowing, Coughing, Frequent Burping, Discomfort during Eating, Tightness in Chest"
Sunburn,"Increased Salivation, Diarrhea, Eye Strain, Weight Loss, Memory Loss"
Diabetes,"Bloating, Blurred Vision, Fainting, Swollen Lymph Nodes, Eye Irritation, Lack of Focus, Sore Throat"
Diverticulitis,"Sore Gums, Pale Skin, Difficulty Concentrating"
Trigeminal Neuralgia,"Body Aches, Painful Urination, Fainting"
Insect Bite Allergy,"Severe Abdominal Pain, Dry Lips, Unusual Sweating, Skin Redness, Neck Pain, Weight Loss"
Menopause,"Weakness in Arms or Legs, Tingling in Hands, Persistent Thirst"
Chlamydia,"Itchy Eyes, Head Tilt, Fatigue after Eating, Thick Mucus, Increased Respiratory Rate, Weakness in Arms or Legs, Pale Skin"
Diverticulitis,"Nosebleeds, Difficulty Breathing, Unusual Sweating, Severe Cough"
Whooping Cough,"Mouth Ulcers, Unexplained Bleeding, Rash"
Typhoid,"Cold Shivers, Bloody Mucus, Blurred Vision, Irritable Bowels"
Hepatitis B,"Black or Tarry Stools, Diarrhea, Flushing, Memory Loss, Severe Chest Pressure, Cold Body"
Klinefelter Syndrome,"Pain Behind Eyes, Body Aches, Fever"
Scarlet Fever,"Blurred Vision, Sudden Mood Changes, Tired Eyes, Hard to Breathe, Dizziness upon Standing, Frequent Burping, Flu-like Symptoms"
Macular Degeneration,"Mouth Ulcers, Dry Throat, Excessive Yawning, Seizures, Vomiting Food, Diarrhea, Stomach Gurgling"
Fibromyalgia,"Reduced Appetite, Belly Bloating, Muscle Cramps"
Chlamydia,"Increased Respiratory Rate, Painful Abdominal Area, Painful Swallowing, Muscle Cramps, Stomach Cramps"
Anxiety,"Painful Joints, Lack of Focus, Difficulty Speaking, Severe Fatigue, Muscle Tension"
Menstrual Disorders,"Increased Respiratory Rate, Pale Skin, Faint Heartbeat, Stiff Joints, Dry Throat, Nausea"
Color Blindness,"Numbness, Excessive Coughing at Night, Loss of Smell, Tingling Sensation, Vomiting Food, Sore Gums"
Common Cold,"Throbbing Headache, Sore Teeth, Weakness in Arms or Legs, Feeling of Floating, Unusual Sweating, Difficulty Concentrating"
Lyme Disease,"Uncontrollable Shaking, Dry Throat, Restlessness, Sudden Weakness"
Lichen Planus,"Yellowing of Skin or Eyes, Sore Teeth, Sensitivity to Touch, Feeling of Fullness, Tiredness after Work"
Gallbladder Disease,"Sensitivity to Light, Chest Pain, Excessive Drooling, Poor Appetite"
Acid Reflux,"Frequent Urination at Night, Pins and Needles Sensation, Skin Peeling, Chronic Fatigue, Difficulty Walking"
Sleep Apnea,"Coughing at Night, Chills, Severe Cough, Loss of Taste, Rapid Heart Rate, Reduced Senses"
Cellulitis,"Painful Swallowing, Loss of Taste, Pale Skin, Dehydration, Choking Sensation"
Whooping Cough,"Dizziness upon Standing, Hot Flashes, Skin Redness, Hunger Pangs, Painful Breathing, Swollen Ankles"
Whooping Cough,"Headaches After Eating, Dry Lips, Hoarseness, Persistent Cough, Blurred Vision"
Plantar Fasciitis,"Loss of Taste or Smell, Painful Swallowing, Blood in Stool, Loss of Consciousness, Severe Abdominal Pain"
Pet Allergy,"Feeling Swollen, Nausea without Vomiting, Chronic Fatigue, Heaviness in Chest, Frequent Burping"
Hepatitis A,"Aching Body, Frequent Urination, Gag Reflex"
Shellfish Allergy,"Nosebleeds, Spasms in Muscles, Dry Eyes, Sensitivity to Touch, Tiredness after Work"
Breast Cancer,"Chronic Back Pain, Pain during Exercise, Black or Tarry Stools, Pale Skin, Dry Mouth"
Arthritis,"Bloating, Shortness of Breath after Exercise, Cold Sweats"
Kidney Disease,"Sudden Heart Palpitations, Abnormal Heartbeat, Hoarseness, Heavy Breathing"
Menopause,"Stomach Gurgling, Confusion, Chronic Back Pain"
Laryngeal Cancer,"Muscle Weakness, Cold Hands, Uncontrollable Shaking"
Psoriasis,"Skin Peeling, Dizziness upon Standing, Hard to Breathe"
Tendonitis,"Tightness in Chest, Belly Bloating, Hunger Pangs, Neck Stiffness, Sensitivity to Light, Neck Pain"
Peanut Allergy,"Gag Reflex, Mouth Ulcers, Skin Rash"
Sickle Cell Anemia,"Dark Urine, Increased Sweating, Pale Lips, Severe Abdominal Pain, Belly Bloating, Bleeding Gums"
Typhoid,"Dry Throat, Unstable Walking, Reduced Senses"
Laryngitis,"Pain in Chest, Feeling Swollen, Difficult Breathing"
Conduct Disorder,"Severe Fatigue, Nosebleeds, Mouth Ulcers, Low Blood Pressure, Soreness in Jaw, Excessive Hunger, Skin Redness"
Scarlet Fever,"Lack of Energy, Neck Pain, Loss of Appetite, Flushing, Mouth Ulcers, Increased Sleepiness, Tingling in Hands"
Drug Addiction,"Fatigue after Exercise, Body Aches, Sore Gums, Feeling of Fullness, Painful Swallowing"
Multiple Sclerosis,"Tingling Sensation, Pain in Chest, Sore Gums, Vision Problems, Sweating"
Hepatitis B,"Lack of Energy, Dry Throat, Sensitivity to Cold, Severe Abdominal Pain"
Psoriasis,"Abdominal Pain, Fainting, Frequent Urination at Night, Swelling, Blood in Stool, Coughing up Blood"
Carbon Monoxide Poisoning,"Increased Thirst, Increased Sleepiness, Frequent Burping, Nausea without Vomiting, Bleeding Gums, Sore Throat, Mouth Ulcers"
Malaria,"Body Aches, Tingling Sensation, Pounding Heart, Loss of Appetite, Memory Loss, Tinnitus, Rash on Skin"
ACL Injury,"Chronic Back Pain, Loss of Consciousness, Leg Swelling"
Meningitis,"Painful Urination, Dry Eyes, Increased Salivation"
Cystic Fibrosis,"Gag Reflex, Sensation of Pressure, Tired Eyes, Runny Nose, Difficulty Walking, Bloating"
Insomnia,"Dry Throat, Dehydration, Unusual Sweating"
Raynaud's Disease,"Increased Salivation, Dry Throat, Trouble Sleeping, Excessive Thirst, Dehydration, Lack of Focus, Persistent Sneezing"
Common Cold,"Sensitivity to Touch, Muscle Stiffness, Soreness in Jaw, Vomiting Food, Sore Throat"
Stomach Infection,"Loss of Consciousness, Memory Loss, Excessive Thirst"
Vertigo,"Neck Pain, Increased Sweating, Pins and Needles Sensation"
Carbon Monoxide Poisoning,"Persistent Hiccups, Persistent Sneezing, Hearing Loss, Loss of Coordination, Dry Cough"
Macular Degeneration,"Stomach Gurgling, Pain When Urinating, Irritable Bowels, Sudden Heart Palpitations, Abnormal Heartbeat, Nausea without Vomiting"
Pancreatitis,"Fainting, Blurry Eyes, Chills"
Liver Disease,"Swollen Lymph Nodes, Coughing at Night, Sensitivity to Cold, Chills, Swelling"
Ovarian Cancer,"Swelling, Drowsiness, Throbbing Headache, Loss of Appetite, Unusual Sweating, Pale Skin, Dizziness upon Standing"
Flu,"Sore Throat, Sore Eyes, Fainting, Pain When Urinating, Abnormal Heartbeat, Nausea without Vomiting, Tiredness after Work"
Prostatitis,"Neck Stiffness, Difficulty Walking, Runny Nose, Chronic Fatigue, Persistent Sneezing"
COVID-19,"Painful Urination, Vomiting Blood, Rash, Tinnitus, Bloodshot Eyes"
Raynaud's Disease,"Difficulty Concentrating, Memory Loss, Sensitivity to Light"
Pet Allergy,"Blood in Stool, Tiredness, Shortness of Breath after Exercise, Pain in Chest"
Obesity,"Gag Reflex, Headaches After Eating, Stomach Cramps, Sore Eyes, Blurry Eyes"
Carbon Monoxide Poisoning,"Unexplained Back Pain, Muscle Tension, Constipation, Itchy Nose, Leg Swelling, Weight Loss"
Heat Stroke,"Swollen Lymph Nodes, Swollen Abdomen, Stomach Upset, Pale Skin, Dry Mouth, Sore Gums, Bleeding Gums"
Cataract,"Throbbing Headache, Painful Swallowing, Hoarseness, Difficulty Moving Arms or Legs, Excessive Hunger"
Endometriosis,"Pain during Exercise, Uncontrollable Shaking, Feeling of Fullness, Neck Stiffness, Heaviness in Chest, Severe Abdominal Pain, Chronic Coughing"
Insomnia,"Sore Eyes, Flu-like Symptoms, Increased Salivation, Abnormal Skin Color"
Color Blindness,"Cramps, Difficult Breathing, Inflamed Gums, Heaviness in Chest, Fainting, Blood in Stool"
Hand-Foot-and-Mouth Disease,"Spasms in Muscles, Skin Peeling, Feeling Out of Breath, Persistent Nausea, Swelling, Dizziness upon Standing"
Carbon Monoxide Poisoning,"Neck Stiffness, Nausea After Eating, Loss of Coordination"
Motion Sickness,"Shortness of Breath after Exercise, Dark Urine, Thick Mucus, Dry Skin, Tiredness, Memory Loss, Cold Sweats"
Shingles,"Nausea After Eating, Skin Rash, Muscle Stiffness, Increased Respiratory Rate"
Anemia,"Painful Joints, Difficulty Moving Arms or Legs, Painful Skin"
Rubella,"Cold Sweats, Dizziness upon Standing, Dry Mouth, Stomach Gurgling, Blurry Eyes, Swollen Lymph Nodes"
Sciatica,"Nosebleeds, Sore Muscles, Painful Breathing, Swollen Ankles, Eye Irritation"
Mercury Poisoning,"Stiff Joints, Hot Flashes, Loss of Balance, Dry Mouth, Runny Nose"
Amblyopia,"Sensitivity to Touch, Hyperactivity, Sore Gums, Hearing Loss"
Bell’s Palsy,"Heavy Breathing, Poor Appetite, Headaches After Eating, Skin Peeling"
Migraine,"Weight Gain, Pounding Heart, Fainting, Tremors, Shortness of Breath, Soreness in Jaw"
Bronchitis,"Vomiting, Stomach Gurgling, Fainting, Pale Lips, Pale or Yellow Tongue, Dry Cough, Tremors"
Leukemia,"Hunger Pangs, Skin Redness, Vomiting Blood, Excessive Urination at Night, Gag Reflex, Sore Throat"
Laryngeal Cancer,"Memory Loss, Difficulty Concentrating, Lack of Coordination, Feeling of Fullness, Severe Chest Pressure, Loss of Balance, Pins and Needles Sensation"
Cellulitis,"Difficulty Moving Arms or Legs, Feeling Swollen, Itchy Skin"
Multiple Sclerosis,"Feeling of Floating, Cold Sweats, Numbness in Arms, Hard to Breathe, Unusual Sweating, Pain during Exercise, Memory Loss"
Stroke,"Decreased Libido, Cold Shivers, Painful Joints, Persistent Hiccups, Cold Sweats, Irritable Bowels, Eye Irritation"
Lung Cancer,"Heaviness in Chest, Bloating, Dry Eyes, Painful Joints, Cramps, Pain When Urinating, Excessive Drooling"
Leukemia,"Reduced Appetite, Rash, Head Pressure, Fever, Fatigue, Difficulty Walking"
Benign Prostatic Hyperplasia,"Jaundice, Swollen Glands, Mental Fog, Excessive Urination at Night, Tiredness, Flu-like Symptoms"
Gastritis,"Head Tilt, Swollen Feet, Chronic Coughing, Sudden Mood Changes, Nosebleeds, Dark Urine, Abnormal Joint Movements"
Glaucoma,"Frequent Throat Clearing, Skin Bruising, Cold Body, Loss of Taste, Muscle Stiffness"
Wilson’s Disease,"Loss of Balance, Throbbing Headache, Blurred Vision, Lethargy, Vomiting Food, Cold Sweats, Mild Headache"
Hypothermia,"Lack of Focus, Blurred Vision, Reduced Appetite, Joint Pain, Skin Peeling, Chronic Back Pain"
Depression,"Reduced Senses, Cold Hands, Body Aches, Gag Reflex"
Peanut Allergy,"Numbness in Hands or Feet, Shortness of Breath after Exercise, Itchy Skin, Swollen Ankles"
Wilson’s Disease,"Loss of Taste, Irritable Mood, Unexplained Weight Loss, Hot Flashes, Increased Sweating, Mental Fog, Chronic Back Pain"
Anxiety,"Swollen Feet, Nosebleeds, Persistent Hiccups, Difficulty Walking, Reduced Senses"
Bee Sting,"Frequent Urination at Night, Swollen Lymph Nodes, Muscle Cramps, Increased Salivation, Dry Lips, Fainting, Weakness in Arms or Legs"
Raynaud's Disease,"Cold Hands, Loss of Coordination, Unexplained Weight Loss, Hunger Pangs, Frequent Burping, Blurred Vision, Chronic Fatigue"
Wilson’s Disease,"Shivering, Increased Heart Rate, Blurred Vision"
Pet Allergy,"Muscle Weakness, Dry Throat, Pale Skin, Dizziness, Poor Appetite, Flu-like Symptoms"
Pollen Allergy,"Spasms in Muscles, Sweating, Increased Hunger, Sore Muscles, Pale Complexion, Feeling Cold"
Ringworm,"Sore Throat, Painful Swallowing, Sore Teeth, Sensation of Pressure"
Leukemia,"Sensitivity to Touch, Coughing up Blood, Skin Peeling, Shivering, Dry Cough, Fatigue after Exercise, Chronic Coughing"
Dust Allergy,"Sore Eyes, Body Aches, Rash on Skin, Swelling, Cold Sweats, Dry Skin"
Trichomoniasis,"Stomach Upset, Excessive Yawning, Frequent Urination at Night"
Lead Poisoning,"Mouth Ulcers, Memory Loss, Head Tilt, Cough, Pain in Chest, Hoarseness, Painful Breathing"
Breast Cancer,"Yellowing of Skin or Eyes, Shivering, Loss of Balance, Persistent Sneezing"
Boils,"Bleeding Gums, Pain Behind Eyes, Muscle Weakness, Hearing Loss, Loss of Smell"
Shingles,"Eye Strain, Difficulty Walking, Reduced Senses, Chronic Back Pain, Blurred Vision, Difficulty Swallowing"
Impetigo,"Sensation of Pressure, Lack of Coordination, Headaches After Eating, Dizziness, Swollen Lymph Nodes, Pale Lips"
Plantar Fasciitis,"Difficulty Walking, Difficulty Moving Arms or Legs, Feeling Cold, Runny Nose, Tremors, Hoarseness"
Alzheimer's Disease,"Blood in Stool, Dizziness upon Standing, Swollen Lymph Nodes, Soreness in Jaw, Swollen Lymph Nodes, Mental Fog"
Yellow Fever,"Lack of Coordination, Increased Heart Rate, Reduced Appetite, Yellowing of Skin or Eyes, Cold Feet"
Rheumatoid Arthritis,"Muscle Weakness, Increased Salivation, Lack of Focus"
Mercury Poisoning,"Sore Muscles, Frequent Urination, Hyperactivity"
Plantar Fasciitis,"Poor Appetite, Nervousness, Excessive Drooling, Tired Eyes, Sudden Heart Palpitations"
Sickle Cell Anemia,"Feeling of Fullness, Loss of Consciousness, Sore Teeth, Loss of Coordination, Blood in Stool, Cramps"
Food Allergies,"Cramps, Skin Peeling, Bleeding Gums, Dizziness upon Standing, Heaviness in Chest, Hiccups"
Eczema,"Blood in Stool, Spasms in Muscles, Dizziness upon Standing, Gastric Bloating, Swollen Lymph Nodes, Flushing"
Snake Bite,"Increased Salivation, Weakness in Arms or Legs, Persistent Thirst, Fatigue after Exercise"
Anorexia,"Swollen Lymph Nodes, Tingling in Hands, Frequent Urination at Night, Mild Headache, Black or Tarry Stools, Skin Bruising"
Kidney Stones,"Inflamed Gums, Numbness in Arms, Rapid Heart Rate, Lack of Energy, Pain in Chest, Hyperactivity, Persistent Nausea"
Stroke,"Itchy Eyes, Pain Behind Eyes, Fatigue after Eating"
Bursitis,"Decreased Libido, Shortness of Breath after Exercise, Nausea, Loss of Appetite, Diarrhea, Rash"
Pancreatitis,"Fainting, Gag Reflex, Body Aches"
Addison’s Disease,"Dry Cough at Night, Dry Throat, Irritable Bowels, Tinnitus"
Mononucleosis,"Pain in Legs, Cold Body, Tremors, Coughing up Blood, Faint Heartbeat, Stomach Upset"
Migraine,"Spasms in Muscles, Itchy Nose, Hearing Loss"
PTSD,"Loss of Smell, Frequent Urination, Trouble Sleeping, Frequent Urination at Night"
Ringworm,"Increased Thirst, Dry Skin, Mild Headache, Trouble Sleeping, Loss of Coordination, Body Aches, Tingling in Feet"
Kawasaki Disease,"Skin Bruising, Unusual Moles or Spots, Irritable Mood, Faint Heartbeat, Frequent Burping, Difficulty Concentrating, Dry Lips"
Common Cold,"Lack of Coordination, Hyperactivity, Black or Tarry Stools, Head Pressure, Confusion"
Marfan Syndrome,"Heavy Breathing, Mild Headache, Persistent Hiccups, Dry Cough at Night, Cold Shivers"
Insomnia,"Coughing, Sudden Mood Changes, Abnormal Heartbeat"
Pet Allergy,"Skin Peeling, Confusion, Sore Gums, Tremors, Throbbing Headache, Yellowing of Skin or Eyes, Hyperactivity"
Alzheimer's Disease,"Frequent Urination at Night, Night Sweats, Head Pressure, Lack of Focus, Persistent Nausea, Vomiting Food"
HIV/AIDS,"Swollen Glands, Muscle Tension, Mild Headache, Dry Cough at Night, Tingling in Hands, Joint Swelling"
Lactose Intolerance,"Painful Abdominal Area, Nausea, Insomnia After Eating, Frequent Burping, Swollen Lymph Nodes, Frequent Urination"
Tonsillitis,"Poor Appetite, Blood in Stool, Body Aches, Soreness in Jaw, Flu-like Symptoms"
Polycystic Ovary Syndrome,"Abdominal Pain, Insomnia After Eating, Pounding Heart, Hiccups, Skin Bruising"
Food Poisoning,"Hunger Pangs, Eye Irritation, Irregular Menstrual Cycle, Memory Loss, Unexplained Bleeding"
Lead Poisoning,"Uncontrollable Shaking, Shortness of Breath, Difficulty Moving Arms or Legs, Excessive Drooling, Painful Swallowing"
Sickle Cell Anemia,"Pins and Needles Sensation, Soreness in Jaw, Sore Muscles, Drowsy Feeling, Sudden Mood Changes"
Mumps,"Chills, Reduced Appetite, Vomiting Food, Abnormal Skin Color, Loss of Taste, Inflamed Gums"
Varicose Veins,"Stomach Gurgling, Low Blood Pressure, Bloodshot Eyes"
Peptic Ulcer,"Irregular Menstrual Cycle, Nervousness, Cold Sweats"
Infertility,"Abnormal Skin Color, Tremors, Unexplained Weight Loss, Painful Urination"
Asthma,"Cramps, Hard to Breathe, Joint Pain"
Diabetes,"Excessive Thirst, Rash, Difficulty Moving Arms or Legs, Persistent Thirst, Heaviness in Chest"
Dyslexia,"Fatigue after Exercise, Confusion, Coughing, Pale Skin, Pale Lips, Cramps, Night Sweats"
Anxiety,"Painful Swallowing, Tiredness, Discomfort during Eating, Pale Lips, Severe Abdominal Pain"
Kawasaki Disease,"Rapid Heart Rate, Irritable Mood, Lack of Energy, Increased Thirst, Dizziness"
Gout,"Cold Body, Choking Sensation, Weight Gain, Nosebleeds, Pain in Legs, Fatigue"
Polio,"Lack of Coordination, Choking Sensation, Vomiting Blood, Coughing at Night, Excessive Thirst"
Tuberculosis,"Abnormal Skin Color, Muscle Stiffness, Pain during Exercise, Swelling, Blurred Vision"
Trichomoniasis,"Irritable Mood, Mental Fog, Numbness in Hands or Feet"
Osteoporosis,"Hearing Loss, Dizziness upon Standing, Abdominal Pain"
Tourette Syndrome,"Chills, Sweating, Joint Pain, Tired Eyes, Loss of Balance, Stomach Gurgling, Loss of Taste or Smell"
Sinusitis,"Bloodshot Eyes, Memory Loss, Skin Rash, Chronic Coughing, Lethargy"
Pericarditis,"Coughing, Increased Thirst, Sore Gums, Itchy Nose, Dizziness upon Standing"
Depression,"Pain When Urinating, Painful Breathing, Cold Feet, Eye Irritation, Head Tilt"
Alzheimer's Disease,"Chronic Coughing, Gag Reflex, Vomiting Blood, Feeling of Fullness, Increased Salivation"
Trichomoniasis,"Heaviness in Chest, Abnormal Joint Movements, Diarrhea, Eye Strain, Difficulty Concentrating, Belly Bloating"
HIV/AIDS,"Heaviness in Chest, Rash on Skin, Mouth Ulcers"
Turner Syndrome,"Heaviness in Chest, Chills, Mild Headache, Gag Reflex, Coughing up Blood, Mouth Ulcers"
Tinnitus,"Spasms in Muscles, Discomfort during Eating, Muscle Cramps"
Pancreatitis,"Leg Swelling, Bleeding Gums, Fainting"
Tourette Syndrome,"Numbness in Arms, Spasms in Muscles, Tingling in Feet, Painful Abdominal Area"
Syphilis,"Excessive Coughing at Night, Head Pressure, Sweating, Pale Skin, Difficult Breathing"
Sunburn,"Bleeding Gums, Increased Heart Rate, Pale or Yellow Tongue, Feeling of Fullness, Increased Sweating"
Sjogren’s Syndrome,"Pale or Yellow Tongue, Coughing up Blood, Unexplained Back Pain, Swollen Lymph Nodes, Fainting, Belly Bloating, Seizures"
Appendicitis,"Sore Teeth, Skin Rash, Tinnitus, Itchy Nose, Weight Gain, Tingling in Feet"
Urinary Tract Infection,"Blurry Eyes, Rash, Nausea After Eating, Persistent Nausea, Eye Strain, Stomach Cramps"
Myopia,"Fainting, Painful Urination, Dizziness, Sore Gums, Shivering, Fatigue after Exercise"
Pneumonia,"Nausea After Eating, Blood in Stool, Swollen Ankles, Swollen Lymph Nodes, Fainting, Bleeding Gums, Excessive Drooling"
Constipation,"Vision Problems, Numbness in Arms, Dry Throat, Muscle Weakness, Dry Cough at Night, Difficulty Concentrating"
Pollen Allergy,"Abnormal Heartbeat, Sore Gums, Weakness in Arms or Legs, Persistent Cough, Sore Teeth, Sweating, Frequent Throat Clearing"
PTSD,"Vomiting Food, Vision Problems, Black or Tarry Stools, Loss of Appetite, Poor Appetite, Loss of Voice, Painful Swallowing"
Trigeminal Neuralgia,"Headaches After Eating, Lack of Coordination, Feeling Swollen, Frequent Throat Clearing"
Sickle Cell Anemia,"Tightness in Chest, Pain in Chest, Insomnia, Headaches After Eating, Sore Muscles, Decreased Libido, Severe Abdominal Pain"
Tendonitis,"Choking Sensation, Swollen Feet, Blood in Stool"
Common Cold,"Nausea, Mouth Ulcers, Sudden Mood Changes, Unexplained Bleeding, Vomiting, Increased Thirst"
Cholera,"Sore Teeth, Pounding Heart, Coughing, Coughing at Night, Tremors, Insomnia After Eating"
Benign Prostatic Hyperplasia,"Insomnia After Eating, Lethargy, Confusion, Hoarseness"
Pneumonia,"Pale or Yellow Tongue, Lethargy, Choking Sensation, Tinnitus, Blurred Vision"
Pericarditis,"Tingling in Feet, Difficulty Walking, Sensitivity to Touch, Abnormal Heartbeat, Tiredness after Work, Fatigue"
Common Cold,"Cold Shivers, Coughing up Blood, Reduced Senses, Dizziness, Increased Sweating, Loss of Coordination"
Kidney Stones,"Blood in Stool, Nausea without Vomiting, Severe Abdominal Pain, Weight Loss, Cramps"
Typhoid,"Weight Gain, Excessive Urination at Night, Fatigue after Eating, Unusual Sweating, Severe Chest Pressure, Weakness in Arms or Legs, Trouble Sleeping"
Radiation Sickness,"Nausea After Eating, Restlessness, Severe Abdominal Pain, Excessive Urination at Night, Painful Breathing"
Autism Spectrum Disorder,"Decreased Libido, Stomach Upset, Unusual Moles or Spots, Irritable Mood, Unexplained Back Pain"
Tourette Syndrome,"Pins and Needles Sensation, Rash, Skin Redness, Insomnia After Eating, Confusion, Pain Behind Eyes, Cold Sweats"
Laryngitis,"Reduced Appetite, Persistent Sneezing, Pale Lips, Choking Sensation, Dry Skin, Chronic Coughing, Persistent Thirst"
Ringworm,"Blurred Vision, Itchy Skin, Lack of Focus, Loss of Smell, Bloodshot Eyes"
Frostbite,"Itchy Eyes, Headaches After Eating, Dry Cough at Night, Stiff Joints, Sensation of Pressure, Tired Eyes, Pain When Urinating"
Strep Throat,"Dry Skin, Swollen Glands, Itchy Skin, Swollen Lymph Nodes, Blurred Vision, Pale Lips"
Endocarditis,"Hoarseness, Difficulty Walking, Blurred Vision, Skin Redness, Dry Cough, Sudden Weakness, Skin Bruising"
Heart Disease,"Excessive Coughing at Night, Drowsiness, Irregular Menstrual Cycle, Feeling of Fullness, Head Tilt, Low Blood Pressure"
Food Poisoning,"Shortness of Breath, Cramps, Drowsiness, Unexplained Weight Loss"
Anxiety,"Sweating, Frequent Urination, Swollen Ankles, Memory Loss, Hunger Pangs"
Flu,"Hunger Pangs, Severe Cough, Tingling in Feet, Vomiting Food, Itchy Eyes, Faint Heartbeat"
Bee Sting,"Painful Breathing, Coughing at Night, Slight Fever"
Lung Cancer,"Lack of Coordination, Memory Loss, Pain When Urinating, Soreness in Jaw"
Carbon Monoxide Poisoning,"Difficulty Breathing, Low Blood Pressure, Pale Skin, Dehydration, Irregular Menstrual Cycle"
Syphilis,"Soreness in Jaw, Mild Headache, Pale Skin"
Lupus,"Excessive Coughing at Night, Feeling Swollen, Dry Skin"
Urinary Tract Infection,"Drowsy Feeling, Chills, Sore Gums, Cold Sweats"
Insomnia,"Chronic Fatigue, Loss of Consciousness, Heaviness in Chest, Increased Respiratory Rate, Tired Eyes, Vomiting, Blurred Vision"
Psoriasis,"Difficulty Moving Arms or Legs, Muscle Cramps, Pain When Urinating, Persistent Nausea, Choking Sensation, Skin Rash, Fatigue"
Depression,"Sore Muscles, Poor Appetite, Excessive Thirst, Mild Headache, Hiccups, Dry Eyes"
Common Cold,"Persistent Cough, Muscle Stiffness, Neck Pain, Vision Problems"
ALS,"Severe Fatigue, Slight Fever, Chronic Fatigue, Loss of Taste, Painful Swallowing, Stomach Cramps"
Breast Cancer,"Runny Nose, Eye Irritation, Painful Abdominal Area, Blurry Eyes, Blurred Vision, Stiff Joints, Cold Sweats"
Insomnia,"Stomach Cramps, Hunger Pangs, Pale Complexion, Dry Cough at Night"
Obesity,"Chronic Back Pain, Runny Nose, Severe Abdominal Pain, Skin Peeling, Reduced Appetite"
Cellulitis,"Discomfort during Eating, Loss of Consciousness, Shivering"
Skin Cancer,"Swollen Feet, Hearing Loss, Confusion, Sensitivity to Touch, Severe Cough, Unusual Moles or Spots"
Testicular Cancer,"Lack of Coordination, Persistent Hiccups, Pain Behind Eyes, Difficulty Concentrating, Slight Fever, Excessive Urination at Night, Hunger Pangs"
Turner Syndrome,"Poor Appetite, Choking Sensation, Pale Complexion, Painful Swallowing"
Malaria,"Loss of Voice, Insomnia After Eating, Severe Fatigue, Unexplained Back Pain, Dry Eyes, Loss of Smell"
Cellulitis,"Diarrhea, Muscle Stiffness, Excessive Urination at Night, Shortness of Breath after Exercise, Muscle Weakness, Body Aches, Joint Swelling"
Cholera,"Coughing, Shortness of Breath after Exercise, Frequent Thirst, Swollen Glands"
Gallbladder Disease,"Tingling in Hands, Night Sweats, Trouble Sleeping, Painful Stomach, Spasms in Muscles"
GERD,"Frequent Urination at Night, Mental Fog, Hunger Pangs, Persistent Cough, Head Tilt, Nervousness, Skin Rash"
Esophageal Cancer,"Unstable Walking, Weight Loss, Swollen Feet, Unusual Moles or Spots, Persistent Nausea, Coughing, Tightness in Chest"
Gallbladder Disease,"Pain in Legs, Eye Strain, Shortness of Breath"
Hearing Loss,"Jaundice, Sensitivity to Light, Excessive Coughing at Night, Loss of Coordination"
Glaucoma,"Painful Breathing, Poor Appetite, Neck Pain, Increased Salivation"
Boils,"Lack of Focus, Abnormal Skin Color, Irregular Menstrual Cycle, Yellowing of Skin or Eyes, Persistent Cough, Sore Gums"
Oral Cancer,"Discomfort during Eating, Leg Swelling, Confusion, Confusion, Fatigue, Persistent Cough"
Laryngeal Cancer,"Flu-like Symptoms, Dry Mouth, Persistent Cough"
Gallbladder Disease,"Pounding Heart, Painful Swallowing, Persistent Hiccups, Shivering, Cold Sweats, Stomach Cramps, Feeling Swollen"
Carpal Tunnel Syndrome,"Painful Skin, Persistent Hiccups, Lack of Energy, Shivering, Excessive Yawning"
Heart Disease,"Muscle Tension, Tinnitus, Severe Cough, Discomfort during Eating, Trouble Sleeping"
Conjunctivitis,"Weakness in Arms or Legs, Shortness of Breath, Frequent Urination at Night, Blurred Vision"
Cystic Fibrosis,"Persistent Sneezing, Diarrhea, Painful Skin, Painful Swallowing"
Syphilis,"Heartburn, Belly Bloating, Drowsiness, Cold Body, Sweating, Numbness"
Restless Leg Syndrome,"Diarrhea, Hunger Pangs, Abnormal Skin Color, Vomiting, Chills, Tingling in Hands, Neck Pain"
Hyperopia,"Bloodshot Eyes, Constipation, Stomach Gurgling, Frequent Urination at Night"
Menopause,"Itchy Skin, Feeling Cold, Tiredness after Work, Painful Abdominal Area, Sudden Mood Changes, Persistent Sneezing, Sweating"
Turner Syndrome,"Lethargy, Memory Loss, Vomiting, Thick Mucus, Pale Lips, Abnormal Joint Movements"
Hypertension,"Bloating, Loss of Taste or Smell, Tiredness after Work, Sensation of Pressure, Tinnitus, Unusual Sweating, Neck Pain"
Lead Poisoning,"Tired Eyes, Numbness in Hands or Feet, Faint Heartbeat, Tinnitus"
Turner Syndrome,"Persistent Sneezing, Muscle Weakness, Constipation, Aching Body, Sudden Mood Changes"
ACL Injury,"Lethargy, Skin Redness, Hunger Pangs, Painful Joints, Bloating, Chronic Fatigue, Difficulty Swallowing"
Endocarditis,"Severe Fatigue, Constipation, Sore Muscles, Pain in Legs"
Color Blindness,"Head Tilt, Memory Loss, Sudden Weakness, Difficulty Walking, Painful Urination"
Cervical Cancer,"Fatigue after Exercise, Soreness in Jaw, Drowsiness, Tingling Sensation, Inflamed Gums, Frequent Urination at Night"
Irritable Bowel Syndrome,"Excessive Urination at Night, Sensation of Pressure, Unexplained Weight Loss, Flu-like Symptoms, Gastric Bloating, Tremors, Weight Loss"
Hyperopia,"Swollen Feet, Persistent Thirst, Pain Behind Eyes, Night Sweats, Nervousness, Excessive Coughing at Night"
Appendicitis,"Dry Skin, Jaundice, Mouth Ulcers"
Hiatal Hernia,"Skin Peeling, Unexplained Back Pain, Numbness in Arms"
Radiation Sickness,"Excessive Drooling, Diarrhea, Stiff Joints"
Bee Sting,"Hard to Breathe, Loss of Smell, Sore Throat, Fainting, Swollen Lymph Nodes, Irregular Menstrual Cycle"
Cataract,"Blurred Vision, Muscle Weakness, Dry Cough, Lack of Focus"
Anaphylaxis,"Thick Mucus, Weakness in Arms or Legs, Swollen Ankles, Abnormal Joint Movements, Painful Stomach, Insomnia, Shortness of Breath after Exercise"
Throat Cancer,"Mild Headache, Heartburn, Painful Abdominal Area, Eye Strain, Vomiting Food"
PTSD,"Eye Irritation, Loss of Consciousness, Cold Sweats, Sore Teeth, Abnormal Joint Movements"
Sunburn,"Hunger Pangs, Dry Skin, Increased Respiratory Rate, Vomiting Food"
Depression,"Frequent Urination at Night, Stomach Cramps, Muscle Cramps, Skin Bruising, Pale or Yellow Tongue, Severe Abdominal Pain"
Gallbladder Disease,"Bloody Mucus, Numbness in Hands or Feet, Tightness in Chest, Confusion"
Fibromyalgia,"Choking Sensation, Tingling in Hands, Chronic Fatigue, Pins and Needles Sensation, Blurry Eyes, Flushing, Diarrhea"
Sjogren’s Syndrome,"Sore Muscles, Drowsy Feeling, Painful Abdominal Area, Swollen Ankles, Irregular Menstrual Cycle"
Osteoarthritis,"Swollen Lymph Nodes, Pounding Heart, Bloody Mucus, Cold Hands, Tingling Sensation, Difficulty Concentrating, Sensitivity to Light"
Measles,"Slight Fever, Sensitivity to Cold, Neck Stiffness"
Peptic Ulcer,"Sensitivity to Light, Difficult Breathing, Coughing up Blood"
Cellulitis,"Increased Hunger, Severe Fatigue, Loss of Taste or Smell, Lethargy"
Sunburn,"Sore Gums, Loss of Smell, Head Pressure, Abnormal Heartbeat, Pain in Chest, Irregular Menstrual Cycle"
Rabies,"Blurred Vision, Headaches After Eating, Black or Tarry Stools"
Anemia,"Muscle Stiffness, Vomiting, Confusion"
Conduct Disorder,"Excessive Yawning, Dry Lips, Low Blood Pressure, Hard to Breathe, Abdominal Pain, Loss of Voice, Spasms in Muscles"
Otitis Media,"Fatigue, Memory Loss, Poor Appetite, Reduced Senses, Flu-like Symptoms"
Irritable Bowel Syndrome,"Severe Chest Pressure, Trouble Sleeping, Nausea After Eating, Pain in Chest"
Food Poisoning,"Low Blood Pressure, Tremors, Abdominal Pain, Dry Skin, Diarrhea, Dry Skin, Joint Pain"
ALS,"Poor Appetite, Difficult Breathing, Increased Salivation"
Encephalitis,"Difficulty Breathing, Flu-like Symptoms, Muscle Weakness, Sweating, Gag Reflex, Tired Eyes, Unexplained Back Pain"
Dust Allergy,"Aching Body, Slight Fever, Shortness of Breath after Exercise, Swollen Lymph Nodes, Tiredness, Severe Chest Pressure"
Gilbert’s Syndrome,"Blurred Vision, Nosebleeds, Dry Throat, Night Sweats, Painful Skin"
Hepatitis A,"Dehydration, Increased Thirst, Dry Mouth, Painful Breathing, Increased Sleepiness, Pounding Heart"
Mumps,"Sore Throat, Head Tilt, Unexplained Back Pain, Hot Flashes, Nosebleeds"
Obesity,"Cough, Bloating, Sensitivity to Light, Thick Mucus, Feeling of Floating, Severe Cough, Excessive Hunger"
Common Cold,"Excessive Urination at Night, Fever, Weakness in Arms or Legs, Feeling of Fullness, Severe Chest Pressure, Hard to Breathe, Dry Cough at Night"
Tetanus,"Tinnitus, Hearing Loss, Chronic Back Pain"
Common Cold,"Unusual Moles or Spots, Abnormal Joint Movements, Shortness of Breath, Dry Lips, Feeling Out of Breath, Throbbing Headache"
Bee Sting,"Blurred Vision, Sensitivity to Cold, Persistent Nausea, Painful Swallowing, Severe Fatigue, Blurry Eyes"
Lichen Planus,"Numbness, Frequent Urination, Decreased Libido, Nausea After Eating, Persistent Cough, Joint Swelling, Mental Fog"
Bursitis,"Fatigue, Mild Headache, Black or Tarry Stools, Lack of Focus, Sore Throat, Tingling in Hands, Sore Gums"
