Disease,Medicines
Dengue,Chantix
Mumps,Albuterol
Alcoholism,"Levofloxacin, Fluconazole, Pregabalin"
Glaucoma,"Lidocaine, Methotrexate, Carbamazepine"
Diabetes,Topiramate
Multiple Sclerosis,"Clonazepam, Memantine"
Mercury Poisoning,"Amoxicillin, Cetirizine, Metronidazole"
Infertility,Dutasteride
Rheumatoid Arthritis,"Triamcinolone, Mupirocin, Doxycycline"
Narcolepsy,Triamcinolone
Hypertension,"Tamsulosin, Cyclobenzaprine, Ranitidine"
Conjunctivitis,Clarithromycin
Infertility,"Albuterol, Etanercept, Rizatriptan"
Acid Reflux,"Melatonin, Varenicline, Tiotropium"
Gonorrhea,"Flurazepam, Zolpidem, Erythromycin"
Premature Ejaculation,Ibuprofen
Common Cold,"Betamethasone, Ipratropium"
Raynaud's Disease,"Clonazepam, Tamsulosin, Symbicort"
Marfan Syndrome,"Acetaminophen, Penicillin, Nitroglycerin"
Laryngeal Cancer,"Timolol, Triamcinolone"
Shingles,"Zonisamide, Albuterol, Hydroxyurea"
Hiatal Hernia,Tadalafil
Hepatitis B,"Oxycodone, Sumatriptan"
Restless Leg Syndrome,Prednisone
Common Cold,"Hydromorphone, Varenicline, Nitroglycerin"
Gout,Donepezil
Warts,"Mirtazapine, Methylprednisolone"
Constipation,Clonidine
Ulcerative Colitis,Fluticasone Salmeterol
Conjunctivitis,Cetirizine
Hepatitis B,Mupirocin
Turner Syndrome,"Oxycodone, Etanercept, Allopurinol"
Hyperopia,Nitroglycerin
GERD,Chlorpheniramine
Anorexia,Chantix
Bipolar Disorder,Trimethoprim
Rheumatoid Arthritis,"Rifampin, Cimetidine, Olanzapine"
Obesity,"Diphenhydramine, Escitalopram"
Sleep Apnea,Nicotine patches
Dry Eye Syndrome,"Penicillin, Fexofenadine, Simvastatin"
Prostatitis,"Gliclazide, Topiramate, Carbamazepine"
Wilson’s Disease,"Nitrofurantoin, Tranylcypromine"
Benign Prostatic Hyperplasia,"Olanzapine, Formoterol"
Anemia,"Isocarboxazid, Fluticasone"
Plantar Fasciitis,Temazepam
Obsessive-Compulsive Disorder,"Celecoxib, Clindamycin"
Boils,"Allopurinol, Selegiline"
Tourette Syndrome,"Colchicine, Flunisolide"
ACL Injury,Bupropion
Warts,Chloroquine
Amblyopia,"Chlorpheniramine, Ramipril, Selegiline"
Scabies,Nabilone
Turner Syndrome,"Theophylline, Fluconazole"
Pet Allergy,"Ramipril, Filgrastim, Mirtazapine"
Dengue,Metoclopramide
Restless Leg Syndrome,"Nitrofurantoin, Nifedipine, Topiramate"
Warts,"Etanercept, Oxcarbazepine"
Scarlet Fever,"Hydrochlorothiazide, Gliclazide"
Scarlet Fever,Gliclazide
Kidney Disease,Cetirizine
Altitude Sickness,"Sertraline, Rivastigmine"
Conduct Disorder,Sildenafil
Bulimia,Marinol
Plantar Fasciitis,"Tiotropium, Hydroxyurea"
Liver Disease,"Nicotine patches, Trimethoprim"
Pet Allergy,"Dutasteride, Pregabalin, Calcium Carbonate"
Shellfish Allergy,Hydrocodone
Liver Disease,"Beclometasone, Marinol"
Scabies,"Valganciclovir, Symbicort"
Lactose Intolerance,"Theophylline, Loratadine"
Depression,"Carbamazepine, Formoterol, Ramipril"
Graves’ Disease,Famotidine
Addison’s Disease,"Cimetidine, Symbicort, Nicotine patches"
Tinnitus,"Temazepam, Varenicline"
Pancreatic Cancer,Lidocaine
Kawasaki Disease,Rifampin
Boils,"Lamotrigine, Hydrochlorothiazide, Benzoyl Peroxide"
Gallbladder Disease,"Duloxetine, Chloroquine"
Hearing Loss,"Amlodipine, Paroxetine, Eculizumab"
Hashimoto’s Thyroiditis,Tramadol
Conjunctivitis,"Etoricoxib, Clindamycin"
Polio,"Cyclobenzaprine, Sitagliptin"
Parkinson's Disease,"Paroxetine, Rifampin"
Tinnitus,Tamsulosin
Hepatitis B,"Tramadol, Hydromorphone"
Hypertension,"Zaleplon, Metoclopramide, Lamotrigine"
Mononucleosis,"Meclizine, Fluoxetine, Selegiline"
Bulimia,"Chloroquine, Tacrolimus"
Multiple Sclerosis,Cefixime
Varicose Veins,"Nitroglycerin, Imuran"
Sickle Cell Anemia,"Tranylcypromine, Cefixime, Zolpidem"
Alzheimer's Disease,Topiramate
Pharyngitis,Ramipril
Deep Vein Thrombosis,"Zolpidem, Zolpidem"
Asthma,"Lisinopril, Salmeterol, Tadalafil"
Vertigo,"Oxycodone, Cefuroxime, Hydrocodone"
Jet Lag,"Cromolyn, Chlorpheniramine"
ACL Injury,"Marinol, Salmeterol, Escitalopram"
Sarcoidosis,"Methotrexate, Nabilone, Loratadine"
Throat Cancer,"Meloxicam, Budesonide"
Cervical Cancer,"Clonazepam, Fexofenadine"
Pancreatitis,"Tadalafil, Amlodipine, Clarithromycin"
Osteoporosis,Cimetidine
Carbon Monoxide Poisoning,Selegiline
Depression,"Frovatriptan, Acetaminophen"
Lactose Intolerance,Diphenhydramine
Bronchitis,"Bacitracin, Sildenafil, Bupropion"
Sickle Cell Anemia,"Metformin, Escitalopram"
Tourette Syndrome,"Clonazepam, Timolol"
Measles,"Gliclazide, Tetracycline, Budesonide"
Color Blindness,"Tadalafil, Sulfamethoxazole"
Hyperopia,"Tranylcypromine, Finasteride, Fexofenadine"
Gastritis,Phenytoin
Parkinson's Disease,"Ketorolac, Valproic Acid, Allopurinol"
Common Cold,"Diclofenac, Nortriptyline"
Tinnitus,"Fosfomycin, Escitalopram, Rizatriptan"
Pulmonary Embolism,Rituximab
Crohn's Disease,"Diphenhydramine, Fluconazole"
Peptic Ulcer,"Aspirin, Fexofenadine, Budesonide"
Reye’s Syndrome,Eletriptan
Anxiety,"Ibuprofen, Escitalopram, Singulair"
Hemophilia,Sildenafil
Glaucoma,"Hydrochlorothiazide, Dihydroergotamine, Hydrocortisone"
Bone Fracture,"Bupropion, Hydromorphone"
Tetanus,"Zinc Oxide, Ibuprofen"
Snake Bite,Lidocaine
ALS,"Levofloxacin, Selegiline, Oxcarbazepine"
Carpal Tunnel Syndrome,"Duloxetine, Amlodipine"
Dust Allergy,"Salbutamol, Tranylcypromine, Cromolyn"
Erectile Dysfunction,"Calcium Carbonate, Mupirocin"
HIV/AIDS,Hydroxychloroquine
Sunburn,Zolpidem
Laryngeal Cancer,"Tamsulosin, Hydroxyurea"
GERD,Clonazepam
Lupus,Hydrocortisone
Carbon Monoxide Poisoning,"Varenicline, Nicotine gum"
Lactose Intolerance,Hydrocodone
Myopia,"Lisinopril, Prednisone"
Ulcerative Colitis,Budesonide
Kidney Disease,Methacholine
ALS,"Fluticasone Salmeterol, Marinol"
Conjunctivitis,"Ibuprofen, Chantix, Metronidazole"
Premature Ejaculation,Dexamethasone
Mumps,"Propranolol, Carbamazepine"
Peptic Ulcer,Zaleplon
Bulimia,Timolol
Obesity,"Triamcinolone, Topiramate"
Wilson’s Disease,"Diclofenac, Levofloxacin, Prochlorperazine"
Mumps,"Formoterol, Baclofen"
Stroke,Hydrocodone
Food Poisoning,"Methotrexate, Meloxicam"
Myocarditis,"Propranolol, Ranitidine, Topiramate"
Gout,Triamcinolone
Scabies,"Ergotamine, Lamotrigine, Budesonide"
Lung Cancer,"Zolpidem, Clonazepam, Trimethoprim"
Kawasaki Disease,Fentanyl
Otitis Media,"Sildenafil, Ipratropium, Meloxicam"
Multiple Sclerosis,Amitriptyline
Anaphylaxis,Amitriptyline
Obsessive-Compulsive Disorder,Fluticasone Salmeterol
Heat Stroke,"Memantine, Oxycodone"
Obsessive-Compulsive Disorder,"Frovatriptan, Nifedipine"
Hypertension,Bupropion
Reye’s Syndrome,"Methotrexate, Salmeterol"
Tendonitis,"Dexamethasone, Loperamide"
Kidney Disease,Cefixime
Scarlet Fever,"Tetracycline, Etoricoxib, Hydrochlorothiazide"
Trigeminal Neuralgia,"Nabilone, Colchicine, Nortriptyline"
Plantar Fasciitis,"Pregabalin, Cetirizine"
Zika Virus,Ipratropium
Tendonitis,Advair
Hyperopia,Bacitracin
Varicose Veins,"Clarithromycin, Triamcinolone, Indomethacin"
Eczema,Nabilone
Colon Cancer,"Tamsulosin, Gabapentin, Rituximab"
Celiac Disease,"Lorazepam, Hydrocodone"
Dehydration,"Erythromycin, Hydroxyurea, Cimetidine"
Osteoporosis,"Famotidine, Gabapentin, Dihydroergotamine"
Malaria,"Bacitracin, Topiramate, Trazodone"
Cellulitis,"Propranolol, Cetirizine, Simvastatin"
Anorexia,"Zolpidem, Fluticasone Salmeterol, Fentanyl"
Lupus,Propranolol
Diabetes,"Losartan, Clindamycin"
Gastritis,"Fluticasone, Valganciclovir, Clindamycin"
Hashimoto’s Thyroiditis,"Varenicline, Fluconazole, Valproic Acid"
Trichomoniasis,"Tamsulosin, Bupropion, Nitrofurantoin"
Measles,"Propranolol, Donepezil, Nifedipine"
Sleep Apnea,Zolpidem
Psoriasis,Tranylcypromine
Motion Sickness,"Mupirocin, Ranitidine"
Rubella,"Theophylline, Chantix, Dextromethorphan"
Laryngeal Cancer,"Tizanidine, Prednisolone"
Bladder Cancer,"Flurazepam, Oxycodone, Hydrocodone"
Dust Allergy,Oxycodone
HIV/AIDS,"Ranitidine, Nabilone"
Sickle Cell Anemia,"Valproic Acid, Dexamethasone"
Tourette Syndrome,"Clarithromycin, Albuterol"
Arthritis,"Amoxicillin, Montelukast"
Celiac Disease,"Pregabalin, Fluticasone"
Meningitis,"Paracetamol, Sulfamethoxazole"
Sickle Cell Anemia,"Bacitracin, Levothyroxine"
Bee Sting,"Memantine, Furosemide, Bupropion"
Oral Cancer,"Budesonide, Betamethasone, Galantamine"
Radiation Sickness,Methotrexate
Sepsis,"Bupropion, Pregabalin, Diphenhydramine"
Thyroid Disorder,Singulair
Migraine,"Naproxen, Warfarin"
Ovarian Cancer,Cimetidine
Kidney Stones,"Rifampin, Symbicort"
Arthritis,"Ibuprofen, Marinol"
Trigeminal Neuralgia,Lisinopril
Insect Bite Allergy,"Beclometasone, Fluticasone Salmeterol, Sertraline"
Lichen Planus,"Melatonin, Sodium Bicarbonate, Penicillin"
Bladder Cancer,"Ibuprofen, Gliclazide"
Polio,Oxcarbazepine
Bursitis,Diphenhydramine
Infertility,"Warfarin, Etoricoxib"
Irritable Bowel Syndrome,"Diclofenac, Pregabalin, Zinc Oxide"
Skin Cancer,"Donepezil, Sumatriptan"
Endometriosis,Phenelzine
COVID-19,"Chloroquine, Methylprednisolone, Nabilone"
Tetanus,Gliclazide
Food Poisoning,"Doxycycline, Vardenafil, Trazodone"
Whooping Cough,"Doxycycline, Imuran"
Obsessive-Compulsive Disorder,"Benzoyl Peroxide, Chlorpheniramine, Clonazepam"
Anorexia,"Mupirocin, Penicillin, Bupropion"
Benign Prostatic Hyperplasia,Atenolol
Marfan Syndrome,"Amitriptyline, Nicotine patches, Ramipril"
Alzheimer's Disease,"Varenicline, Celecoxib, Baclofen"
Bursitis,Colchicine
Impetigo,"Varenicline, Indomethacin, Theophylline"
Strep Throat,"Loxapine, Fluoxetine"
Liver Disease,Methadone
Bone Fracture,Dextromethorphan
Impetigo,"Buspirone, Tadalafil, Timolol"
Lead Poisoning,"Metoclopramide, Prednisone"
Jet Lag,Lisinopril
Insomnia,"Insulin, Frovatriptan, Olanzapine"
Vertigo,Flurazepam
Lung Cancer,Zolpidem
Anxiety,Tadalafil
Pericarditis,Mirtazapine
Bell’s Palsy,"Valproic Acid, Rituximab, Flurazepam"
Sarcoidosis,"Metformin, Citalopram"
Acid Reflux,"Warfarin, Morphine, Levothyroxine"
Anaphylaxis,Chloroquine
Syphilis,Singulair
Mononucleosis,"Cetirizine, Sildenafil"
Pulmonary Embolism,Tacrolimus
Alzheimer's Disease,"Amitriptyline, Ramipril, Azathioprine"
Alcoholism,Eculizumab
Arthritis,"Finasteride, Valganciclovir, Trimethoprim"
Insomnia,Olanzapine
Bulimia,"Methacholine, Ramipril, Beclometasone"
PTSD,"Fluoxetine, Tizanidine, Pregabalin"
Hepatitis A,"Bupropion, Sertraline"
Sepsis,Isocarboxazid
Heat Stroke,"Diphenhydramine, Dexamethasone, Citalopram"
Cushing’s Syndrome,"Fosfomycin, Fluticasone"
Jet Lag,"Symbicort, Prochlorperazine"
Menopause,"Oxcarbazepine, Escitalopram, Tetracycline"
Conduct Disorder,Ipratropium
Asthma,"Vardenafil, Chloroquine, Mupirocin"
Zika Virus,Methylprednisolone
Burns,"Gabapentin, Losartan"
Endometriosis,Melatonin
Tonsillitis,Ramipril
Alzheimer's Disease,"Selegiline, Theophylline, Salbutamol"
Insomnia,"Fluticasone Salmeterol, Tizanidine"
Sepsis,"Warfarin, Zolpidem, Hydromorphone"
Liver Disease,"Isocarboxazid, Tetracycline"
Sepsis,"Amlodipine, Rivastigmine"
Endocarditis,"Amlodipine, Erythromycin, Nicotine patches"
Typhoid,Paracetamol
Laryngitis,Fluconazole
Mononucleosis,Oxcarbazepine
Stroke,"Temazepam, Tamsulosin"
Diabetes,"Piroxicam, Topiramate"
Tourette Syndrome,"Diazepam, Fluconazole, Fluticasone Salmeterol"
Altitude Sickness,Nicotine gum
Trigeminal Neuralgia,Lisinopril
Conduct Disorder,"Metoclopramide, Ramipril, Temazepam"
Gastritis,"Naproxen, Selegiline"
Eczema,"Chloroquine, Ibuprofen"
Diabetes,"Fexofenadine, Olanzapine, Duloxetine"
Crohn's Disease,"Tamsulosin, Escitalopram"
Benign Prostatic Hyperplasia,Methylprednisolone
Typhoid,Etanercept
Sinusitis,Hydroxychloroquine
Obesity,"Flunisolide, Carbamazepine"
Cancer,"Theophylline, Azathioprine"
Hepatitis A,"Methotrexate, Finasteride, Zinc Oxide"
Macular Degeneration,"Diphenhydramine, Pregabalin, Allopurinol"
Marfan Syndrome,"Ramipril, Zaleplon"
Anemia,"Galantamine, Calcium Carbonate"
Chlamydia,"Flunisolide, Sildenafil, Hydrocodone"
Appendicitis,"Hydrochlorothiazide, Mirtazapine"
Sepsis,"Zaleplon, Diazepam"
Narcolepsy,"Citalopram, Diphenhydramine, Sertraline"
Peptic Ulcer,"Filgrastim, Warfarin, Acetaminophen"
Bone Fracture,Rizatriptan
Arthritis,"Amlodipine, Lisinopril"
Turner Syndrome,"Fluticasone Salmeterol, Chantix, Aspirin"
Rabies,"Hydromorphone, Dexamethasone"
Hyperopia,"Cyclobenzaprine, Levothyroxine"
Bulimia,"Tizanidine, Lorazepam"
Scabies,"Diphenhydramine, Rivastigmine, Azithromycin"
Typhoid,"Mometasone, Buspirone"
Kidney Stones,"Penicillin, Nabilone"
Zika Virus,Ketorolac
Lead Poisoning,"Clonazepam, Ibuprofen, Atenolol"
Sunburn,Fluticasone
Sunburn,"Temazepam, Ergotamine"
Typhoid,Desvenlafaxine
Hemophilia,"Sulfamethoxazole, Lamotrigine"
Hiatal Hernia,"Ergotamine, Oxcarbazepine"
Syphilis,"Clindamycin, Amitriptyline, Duloxetine"
Pancreatic Cancer,Dexamethasone
Raynaud's Disease,"Propranolol, Advair"
Sunburn,Brimonidine
Conduct Disorder,Salmeterol
Marfan Syndrome,"Mirtazapine, Meloxicam, Tranylcypromine"
Color Blindness,"Advair, Calcium Carbonate"
Rabies,"Lisinopril, Clonidine"
Shingles,"Naproxen, Imuran, Colchicine"
Bell’s Palsy,"Theophylline, Propranolol"
Stroke,"Fluticasone, Dutasteride"
Astigmatism,"Omeprazole, Furosemide"
Tourette Syndrome,Nicotine patches
Alzheimer's Disease,"Mirtazapine, Valproic Acid, Cyclobenzaprine"
Pharyngitis,"Nabilone, Galantamine, Lorazepam"
Heart Disease,"Valganciclovir, Cyclophosphamide"
Premature Ejaculation,Paroxetine
Breast Cancer,Nortriptyline
Migraine,"Loxapine, Methacholine"
Warts,"Citalopram, Cimetidine"
Peptic Ulcer,"Sumatriptan, Finasteride"
Common Cold,Clindamycin
HIV/AIDS,"Penicillin, Acetazolamide, Doxycycline"
Polio,Methylprednisolone
Hyperopia,"Brimonidine, Temazepam, Tiotropium"
Cellulitis,"Trazodone, Azithromycin"
Autism Spectrum Disorder,"Fluticasone Salmeterol, Diphenhydramine, Nortriptyline"
Osteoarthritis,"Amlodipine, Fluticasone"
Tendonitis,"Fluoxetine, Clarithromycin"
Bone Fracture,"Doxycycline, Chlorpheniramine"
Glaucoma,Sertraline
Common Cold,"Citalopram, Nitrofurantoin"
Obesity,"Diclofenac, Donepezil"
Pollen Allergy,"Loperamide, Frovatriptan, Budesonide"
Ringworm,"Dexamethasone, Varenicline"
Diverticulitis,"Methotrexate, Bacitracin, Olanzapine"
Cushing’s Syndrome,"Ranitidine, Rituximab, Famotidine"
Bee Sting,"Adalimumab, Amitriptyline"
Vertigo,"Sulfamethoxazole, Hydrocodone"
Klinefelter Syndrome,"Prednisolone, Methotrexate, Dexamethasone"
Menstrual Disorders,"Nifedipine, Etanercept"
Lichen Planus,"Fluoxetine, Diphenhydramine"
Strep Throat,"Fluticasone, Amitriptyline"
Kidney Stones,"Topiramate, Eletriptan"
Polycystic Ovary Syndrome,"Tetracycline, Hydrocodone"
Trigeminal Neuralgia,"Oxcarbazepine, Clarithromycin"
Acid Reflux,"Clonazepam, Tetracycline, Clarithromycin"
Kidney Stones,"Zinc Oxide, Bupropion"
Shingles,"Methadone, Formoterol"
Osteoporosis,"Chlorpheniramine, Ranitidine"
Cellulitis,"Brimonidine, Etoricoxib, Loratadine"
Shellfish Allergy,"Cefixime, Tadalafil, Amoxicillin"
Shingles,Filgrastim
Erectile Dysfunction,"Zinc Oxide, Amitriptyline"
Acid Reflux,Ergotamine
Zika Virus,Baclofen
Klinefelter Syndrome,"Diphenhydramine, Sodium Bicarbonate, Ranitidine"
ACL Injury,"Budesonide, Cromolyn"
Endocarditis,"Trimethoprim, Marinol, Ramipril"
Anorexia,Methadone
Reye’s Syndrome,"Piroxicam, Hydroxyurea"
Appendicitis,"Zolpidem, Citalopram, Varenicline"
Amblyopia,"Tetracycline, Warfarin, Clonazepam"
Gallbladder Disease,"Ipratropium, Eculizumab"
Pharyngitis,"Ciprofloxacin, Cimetidine, Lisinopril"
Altitude Sickness,"Finasteride, Diclofenac"
Lupus,Loratadine
Syphilis,"Erythromycin, Fosfomycin"
Kidney Stones,"Formoterol, Cimetidine"
Sleep Apnea,Meclizine
Skin Cancer,Timolol
Macular Degeneration,"Penicillin, Ramipril"
Menopause,Ketorolac
Bulimia,"Calcium Carbonate, Cimetidine"
Yellow Fever,"Famotidine, Frovatriptan"
Bone Fracture,Valproic Acid
Gallstones,Dexamethasone
Hepatitis B,"Melatonin, Bupropion"
Conjunctivitis,"Pregabalin, Rifampin"
Alzheimer's Disease,"Advair, Zolpidem"
Anaphylaxis,"Famotidine, Flurazepam"
Diverticulitis,Etanercept
Raynaud's Disease,"Methotrexate, Escitalopram, Tadalafil"
Irritable Bowel Syndrome,"Insulin, Varenicline, Doxycycline"
Gonorrhea,Marinol
Aneurysm,Sumatriptan
Prostatitis,Clarithromycin
Cervical Cancer,Ranitidine
Tetanus,"Sodium Bicarbonate, Rituximab"
Trigeminal Neuralgia,"Tadalafil, Duloxetine, Salmeterol"
Sickle Cell Anemia,Nicotine patches
Anorexia,"Fluticasone, Metformin"
Gout,"Sertraline, Hydrocortisone, Sildenafil"
Lupus,"Marinol, Rifampin"
ADHD,"Topiramate, Loxapine"
Mononucleosis,"Trimethoprim, Chantix"
Cholera,"Allopurinol, Methotrexate"
Parkinson's Disease,"Metronidazole, Ipratropium"
Bell’s Palsy,Prednisone
Crohn's Disease,"Budesonide, Diazepam, Finasteride"
Strep Throat,"Mometasone, Doxycycline"
Kawasaki Disease,"Amitriptyline, Clarithromycin, Hydroxyurea"
Pharyngitis,"Fluticasone, Fentanyl, Rivastigmine"
Pancreatic Cancer,"Galantamine, Sitagliptin, Tiotropium"
Pneumonia,Triamcinolone
Obesity,"Desvenlafaxine, Zonisamide, Clonazepam"
Polio,Dihydroergotamine
Carbon Monoxide Poisoning,"Diphenhydramine, Lidocaine, Bacitracin"
Pneumonia,"Triamcinolone, Albuterol"
Cataract,"Dexamethasone, Dihydroergotamine, Lorazepam"
Multiple Sclerosis,"Betamethasone, Morphine, Rivastigmine"
Hemophilia,"Clindamycin, Fluticasone, Fluoxetine"
Cholera,"Calcium Carbonate, Bupropion, Temazepam"
Burns,Bupropion
Pancreatic Cancer,"Eculizumab, Topiramate, Ibuprofen"
Food Allergies,"Mometasone, Chantix, Hydrocortisone"
Infertility,Carbamazepine
Glaucoma,Hydrocodone
Ulcerative Colitis,"Loperamide, Formoterol"
Measles,"Lidocaine, Dextromethorphan"
Obesity,Citalopram
ACL Injury,Methotrexate
Motion Sickness,"Celecoxib, Hydrochlorothiazide, Omeprazole"
Leukemia,Buspirone
Peptic Ulcer,"Zaleplon, Escitalopram, Timolol"
Hashimoto’s Thyroiditis,"Donepezil, Eletriptan, Salmeterol"
Food Poisoning,"Dutasteride, Oxycodone"
Hearing Loss,"Metoclopramide, Loxapine, Calcium Carbonate"
Hyperopia,Methotrexate
Endocarditis,"Varenicline, Imuran, Ipratropium"
Bronchitis,"Salbutamol, Lisinopril, Eculizumab"
Rabies,"Topiramate, Fluoxetine"
Parkinson's Disease,"Escitalopram, Fluoxetine"
Boils,Varenicline
Cancer,"Amlodipine, Methacholine"
Ovarian Cancer,"Nitrofurantoin, Topiramate"
Marfan Syndrome,"Tranylcypromine, Ramipril, Nitrofurantoin"
Measles,Formoterol
Hyperopia,Donepezil
Yellow Fever,"Levofloxacin, Amlodipine, Prednisone"
Dust Allergy,"Betamethasone, Tamsulosin"
Kidney Stones,Diazepam
Boils,"Trimethoprim, Citalopram"
Laryngitis,"Azathioprine, Ipratropium, Dihydroergotamine"
Multiple Sclerosis,"Nicotine patches, Singulair, Hydroxyurea"
Food Poisoning,"Fluoxetine, Penicillin"
Flu,"Temazepam, Oxcarbazepine, Prednisone"
Hypertension,Phenelzine
Chickenpox,Selegiline
Graves’ Disease,"Erythromycin, Lorazepam"
Insect Bite Allergy,"Aspirin, Mirtazapine"
Zika Virus,"Cyclobenzaprine, Lorazepam"
Stomach Infection,"Salbutamol, Benzoyl Peroxide, Topiramate"
ALS,"Lisinopril, Zinc Oxide, Aspirin"
Appendicitis,Valproic Acid
Flu,"Betamethasone, Loperamide"
Pharyngitis,"Formoterol, Phenelzine"
Ulcerative Colitis,"Zolpidem, Nortriptyline"
Malaria,"Naproxen, Cetirizine, Dexamethasone"
Menstrual Disorders,Warfarin
Aneurysm,Cetirizine
Bladder Cancer,Triamcinolone
Ringworm,Ipratropium
Scabies,"Beclometasone, Rituximab"
Radiation Sickness,"Tranylcypromine, Singulair, Ibuprofen"
Strep Throat,Furosemide
Frostbite,"Methacholine, Tadalafil"
Constipation,Donepezil
Burns,"Diphenhydramine, Sertraline"
Drug Addiction,Chlorpheniramine
Sunburn,"Phenytoin, Ramipril"
Hand-Foot-and-Mouth Disease,"Sumatriptan, Budesonide, Symbicort"
Tuberculosis,"Simvastatin, Lidocaine, Clarithromycin"
Autism Spectrum Disorder,"Dextromethorphan, Hydrocodone, Ciprofloxacin"
Typhoid,Prednisone
Infertility,"Memantine, Lamotrigine, Betamethasone"
Osteoarthritis,"Indomethacin, Duloxetine, Betamethasone"
Common Cold,"Methotrexate, Warfarin"
Hepatitis A,"Allopurinol, Memantine"
Turner Syndrome,"Beclometasone, Zonisamide, Flurazepam"
Autism Spectrum Disorder,"Azithromycin, Bupropion, Lamotrigine"
Anxiety,"Albuterol, Clarithromycin"
Sciatica,Metformin
Conduct Disorder,"Valganciclovir, Nortriptyline"
Bell’s Palsy,"Zonisamide, Tramadol, Amlodipine"
Yellow Fever,"Zolpidem, Etoricoxib, Zaleplon"
Trichomoniasis,Tizanidine
Lupus,"Fosfomycin, Cefuroxime"
Sunburn,"Meloxicam, Chlorpheniramine"
COVID-19,"Famotidine, Finasteride"
Food Poisoning,Famotidine
Warts,"Fexofenadine, Dexamethasone, Desvenlafaxine"
Ringworm,Escitalopram
Plantar Fasciitis,Azithromycin
Dyslexia,"Eculizumab, Formoterol, Cetirizine"
Reye’s Syndrome,Rituximab
Dry Eye Syndrome,"Bupropion, Nitrofurantoin"
Aneurysm,Morphine
Food Poisoning,Hydroxychloroquine
Varicose Veins,"Olanzapine, Diazepam, Clonazepam"
Dust Allergy,Paroxetine
Addison’s Disease,Fentanyl
Pericarditis,"Isocarboxazid, Tizanidine, Buspirone"
Tetanus,Mirtazapine
Irritable Bowel Syndrome,"Baclofen, Trimethoprim"
Common Cold,Nabilone
Conduct Disorder,"Piroxicam, Diphenhydramine, Paroxetine"
Bulimia,"Celecoxib, Tizanidine, Temazepam"
Urinary Tract Infection,"Insulin, Cromolyn"
Bulimia,Hydrocortisone
Encephalitis,"Phenytoin, Eculizumab, Celecoxib"
Crohn's Disease,"Theophylline, Tramadol"
Benign Prostatic Hyperplasia,"Tizanidine, Flunisolide"
Dyslexia,"Citalopram, Prednisolone, Sodium Bicarbonate"
Sepsis,"Marinol, Prednisolone"
Deep Vein Thrombosis,"Ipratropium, Nicotine patches"
Sarcoidosis,"Simvastatin, Mupirocin, Fosfomycin"
Myopia,"Budesonide, Carbamazepine, Mirtazapine"
Shellfish Allergy,"Mupirocin, Piroxicam, Zolpidem"
Dry Eye Syndrome,"Duloxetine, Insulin"
Anxiety,Duloxetine
Urinary Tract Infection,"Tramadol, Levofloxacin, Duloxetine"
Testicular Cancer,"Cefuroxime, Meclizine"
Narcolepsy,"Phenytoin, Fluoxetine"
Conduct Disorder,"Formoterol, Nabilone"
Peptic Ulcer,"Loratadine, Bupropion, Tizanidine"
Stomach Infection,Duloxetine
Conjunctivitis,Azathioprine
Malaria,Eculizumab
Typhoid,"Colchicine, Diphenhydramine, Amlodipine"
Oral Cancer,Bupropion
Sepsis,"Dexamethasone, Duloxetine, Lisinopril"
Anorexia,Diphenhydramine
Hypothermia,"Atenolol, Amlodipine"
Frostbite,"Ranitidine, Prednisone, Prochlorperazine"
Meningitis,"Donepezil, Carbamazepine"
Laryngitis,"Fentanyl, Sulfamethoxazole, Prednisolone"
Sunburn,"Timolol, Levalbuterol"
Oral Cancer,"Valproic Acid, Methadone"
Hearing Loss,"Tamsulosin, Gabapentin"
Trichomoniasis,"Omeprazole, Phenelzine, Sildenafil"
Rabies,"Symbicort, Marinol, Levothyroxine"
PTSD,"Cefixime, Eculizumab, Budesonide"
Thyroid Disorder,Bupropion
Dry Eye Syndrome,"Indomethacin, Zolpidem"
Insect Bite Allergy,Hydrochlorothiazide
Radiation Sickness,Symbicort
Cystic Fibrosis,"Formoterol, Simvastatin, Ranitidine"
Mumps,"Levofloxacin, Loratadine, Escitalopram"
Pulmonary Embolism,"Formoterol, Sodium Bicarbonate, Carbamazepine"
Flu,"Hydroxychloroquine, Temazepam"
Zika Virus,"Nortriptyline, Tiotropium, Meloxicam"
Dry Eye Syndrome,"Nicotine patches, Phenelzine, Tadalafil"
Varicose Veins,"Zolpidem, Cyclophosphamide, Dexamethasone"
Obesity,"Tadalafil, Flurazepam"
Pet Allergy,Salmeterol
ADHD,"Prednisolone, Timolol"
Diverticulitis,"Tamsulosin, Varenicline"
Dry Eye Syndrome,"Allopurinol, Loratadine"
Raynaud's Disease,Nicotine patches
Ringworm,Tizanidine
Chlamydia,"Tacrolimus, Phenytoin, Zolpidem"
Tinnitus,"Methotrexate, Sulfamethoxazole, Loxapine"
Lichen Planus,"Citalopram, Fluticasone Salmeterol, Doxycycline"
Tinnitus,Omeprazole
Plantar Fasciitis,"Benzoyl Peroxide, Acetazolamide"
Benign Prostatic Hyperplasia,Methotrexate
Hemophilia,"Budesonide, Ranitidine"
Insomnia,Methadone
Hypothermia,Bupropion
Dyslexia,"Clonidine, Cetirizine"
Measles,"Methylprednisolone, Timolol, Tetracycline"
Asthma,"Hydrochlorothiazide, Ibuprofen, Prochlorperazine"
Menopause,"Ergotamine, Hydrocortisone"
Flu,"Furosemide, Lorazepam"
Obesity,"Fluticasone, Ketorolac"
Strep Throat,Ciprofloxacin
Peanut Allergy,Etoricoxib
Encephalitis,"Clonazepam, Prednisone, Lisinopril"
Frostbite,"Methadone, Amitriptyline"
Diabetes,Fluoxetine
Turner Syndrome,"Mirtazapine, Mometasone"
GERD,Pregabalin
Reye’s Syndrome,"Celecoxib, Omeprazole"
Asthma,"Indomethacin, Nifedipine, Hydrochlorothiazide"
Bell’s Palsy,Simvastatin
Psoriasis,Methotrexate
Parkinson's Disease,Nicotine patches
Cataract,"Methotrexate, Famotidine, Nortriptyline"
Tuberculosis,"Betamethasone, Metronidazole, Lidocaine"
Sjogren’s Syndrome,Indomethacin
Conduct Disorder,"Albuterol, Oxcarbazepine"
Throat Cancer,Acetazolamide
Parkinson's Disease,Insulin
Typhoid,Sertraline
Pollen Allergy,"Prednisolone, Eletriptan"
Pet Allergy,"Indomethacin, Fluoxetine"
Anxiety,"Metformin, Fluoxetine"
Glaucoma,"Montelukast, Colchicine, Temazepam"
Throat Cancer,Tacrolimus
Constipation,"Budesonide, Flunisolide, Methadone"
HIV/AIDS,"Rivastigmine, Zinc Oxide, Galantamine"
Kawasaki Disease,"Sertraline, Tranylcypromine, Salmeterol"
Tendonitis,"Levofloxacin, Diphenhydramine, Prednisolone"
Bipolar Disorder,Naproxen
Carpal Tunnel Syndrome,"Hydroxychloroquine, Dihydroergotamine"
Anxiety,"Sodium Bicarbonate, Adalimumab, Loratadine"
Sciatica,"Beclometasone, Rifampin, Salmeterol"
Frostbite,Loperamide
Graves’ Disease,Olanzapine
Plantar Fasciitis,Loxapine
Hemophilia,Fluoxetine
PTSD,"Tetracycline, Flurazepam, Methadone"
Irritable Bowel Syndrome,"Rivastigmine, Amitriptyline"
Lead Poisoning,Chloroquine
Carpal Tunnel Syndrome,"Cimetidine, Cyclobenzaprine"
Lichen Planus,"Fexofenadine, Chloroquine"
Obesity,"Metformin, Duloxetine"
Burns,"Lisinopril, Ergotamine"
Raynaud's Disease,Imuran
Stomach Infection,"Finasteride, Tadalafil"
Hearing Loss,"Meloxicam, Salbutamol"
Epilepsy,Acetazolamide
Lupus,"Famotidine, Fluoxetine, Fosfomycin"
Bulimia,"Buspirone, Mirtazapine"
Polio,"Etanercept, Celecoxib"
Depression,Montelukast
Pneumonia,"Tamsulosin, Methotrexate"
Breast Cancer,Ranitidine
Throat Cancer,Galantamine
Food Allergies,"Meloxicam, Naproxen, Baclofen"
Bursitis,Meloxicam
Menstrual Disorders,"Paracetamol, Celecoxib"
Osteoporosis,Zinc Oxide
Lichen Planus,Trazodone
Narcolepsy,Flunisolide
Oral Cancer,"Ergotamine, Diazepam"
Multiple Sclerosis,Fexofenadine
Peanut Allergy,"Tacrolimus, Piroxicam"
Gilbert’s Syndrome,Brimonidine
Dry Eye Syndrome,"Phenelzine, Azathioprine, Calcium Carbonate"
Raynaud's Disease,"Mupirocin, Dexamethasone"
Ringworm,"Isocarboxazid, Meloxicam"
Leukemia,Hydrocodone
Aneurysm,Diphenhydramine
Pulmonary Embolism,"Duloxetine, Vardenafil, Imuran"
Altitude Sickness,Tamsulosin
Stroke,"Dexamethasone, Dexamethasone"
Irritable Bowel Syndrome,"Nortriptyline, Budesonide"
Polycystic Ovary Syndrome,Hydrocortisone
Endocarditis,"Trazodone, Mupirocin, Benzoyl Peroxide"
Dust Allergy,Duloxetine
Crohn's Disease,"Isocarboxazid, Tizanidine, Indomethacin"
Bee Sting,Pregabalin
Skin Cancer,"Ranitidine, Varenicline"
Shellfish Allergy,"Nitrofurantoin, Tizanidine, Mirtazapine"
Sickle Cell Anemia,Naproxen
Flu,"Varenicline, Bacitracin"
Bell’s Palsy,"Nabilone, Lisinopril"
Prostatitis,"Zaleplon, Dexamethasone"
Esophageal Cancer,Simvastatin
Trigeminal Neuralgia,"Methotrexate, Loratadine, Mirtazapine"
Cushing’s Syndrome,"Levothyroxine, Tramadol"
Graves’ Disease,"Amitriptyline, Diphenhydramine, Zolpidem"
Prostate Cancer,Selegiline
Autism Spectrum Disorder,"Symbicort, Fluticasone Salmeterol"
Schizophrenia,"Diclofenac, Isocarboxazid, Cetirizine"
Deep Vein Thrombosis,"Temazepam, Olanzapine"
Addison’s Disease,"Eletriptan, Rifampin"
Lactose Intolerance,"Fexofenadine, Amlodipine, Cyclophosphamide"
Hand-Foot-and-Mouth Disease,"Topiramate, Amlodipine"
Urinary Tract Infection,Prednisone
Hypertension,"Memantine, Ranitidine"
Sleep Apnea,"Dutasteride, Eculizumab"
Constipation,Acetazolamide
HIV/AIDS,"Sitagliptin, Celecoxib, Azathioprine"
Sarcoidosis,"Clonazepam, Methotrexate"
Hashimoto’s Thyroiditis,"Clonidine, Cetirizine"
Trigeminal Neuralgia,"Clonazepam, Phenelzine, Methotrexate"
Laryngitis,Dexamethasone
Stomach Infection,"Acetazolamide, Levalbuterol, Finasteride"
Pancreatitis,Varenicline
Color Blindness,Ibuprofen
Glaucoma,Diclofenac
Osteoarthritis,"Naproxen, Fluoxetine, Ergotamine"
Deep Vein Thrombosis,"Bupropion, Flurazepam"
Deep Vein Thrombosis,Triamcinolone
Benign Prostatic Hyperplasia,"Acetaminophen, Fosfomycin, Imuran"
Kawasaki Disease,"Clarithromycin, Paroxetine, Mirtazapine"
Gallbladder Disease,"Sildenafil, Desvenlafaxine"
Multiple Sclerosis,"Warfarin, Sumatriptan, Azithromycin"
Klinefelter Syndrome,Buspirone
Chickenpox,"Fluticasone, Pregabalin, Escitalopram"
Bladder Cancer,"Acetazolamide, Dexamethasone"
Carbon Monoxide Poisoning,"Citalopram, Doxycycline"
Ulcerative Colitis,"Diphenhydramine, Meclizine"
Graves’ Disease,Ranitidine
Dust Allergy,"Loperamide, Tiotropium, Brimonidine"
Narcolepsy,Cefixime
Tourette Syndrome,Penicillin
Diabetes,"Advair, Dutasteride"
Malaria,"Vardenafil, Cetirizine, Cromolyn"
Sarcoidosis,"Indomethacin, Levothyroxine"
HIV/AIDS,Tamsulosin
Mumps,"Loxapine, Nortriptyline, Symbicort"
Sjogren’s Syndrome,"Acetaminophen, Singulair, Ranitidine"
Hearing Loss,"Vardenafil, Sulfamethoxazole"
Leukemia,"Erythromycin, Azithromycin, Prednisolone"
Stomach Infection,"Ergotamine, Clonazepam, Acetazolamide"
Narcolepsy,"Methotrexate, Azithromycin"
Diverticulitis,"Montelukast, Paroxetine"
Peptic Ulcer,"Tetracycline, Symbicort, Valganciclovir"
Mononucleosis,"Hydrochlorothiazide, Budesonide, Chloroquine"
Rabies,Meloxicam
Amblyopia,Valproic Acid
Gilbert’s Syndrome,"Methotrexate, Simvastatin"
Color Blindness,"Hydrochlorothiazide, Ibuprofen"
Peanut Allergy,"Diphenhydramine, Paroxetine"
Rabies,"Fexofenadine, Sildenafil"
Common Cold,"Metformin, Pregabalin, Budesonide"
Insect Bite Allergy,"Hydrocodone, Morphine"
Acid Reflux,"Nitrofurantoin, Levalbuterol, Flunisolide"
Kidney Disease,Ramipril
Anorexia,"Propranolol, Theophylline, Topiramate"
Peptic Ulcer,"Hydrocortisone, Escitalopram"
Common Cold,Levofloxacin
Hiatal Hernia,"Carbamazepine, Meloxicam, Dexamethasone"
Lung Cancer,"Tamsulosin, Doxycycline, Benzoyl Peroxide"
Burns,Nitrofurantoin
Cystic Fibrosis,"Frovatriptan, Oxycodone, Propranolol"
Shellfish Allergy,"Methotrexate, Gabapentin, Ranitidine"
Pharyngitis,Bupropion
Alcoholism,Nifedipine
Color Blindness,"Cyclophosphamide, Tramadol, Tadalafil"
Yellow Fever,"Hydroxyurea, Allopurinol, Amoxicillin"
Sepsis,"Celecoxib, Mupirocin, Fluconazole"
Sepsis,"Methotrexate, Theophylline, Nicotine patches"
Tendonitis,Ramipril
Bell’s Palsy,"Cimetidine, Rivastigmine, Montelukast"
Rubella,"Clindamycin, Mupirocin"
Lung Cancer,Furosemide
Burns,"Zolpidem, Rituximab"
Kidney Stones,Doxycycline
Osteoporosis,"Prednisolone, Loratadine"
Chickenpox,"Cyclophosphamide, Ketorolac, Cimetidine"
Pollen Allergy,"Cetirizine, Nifedipine, Diphenhydramine"
Lichen Planus,"Theophylline, Oxycodone, Memantine"
Ringworm,"Triamcinolone, Hydroxyurea"
Scabies,Atenolol
Jet Lag,"Loxapine, Amitriptyline"
Insect Bite Allergy,Propranolol
Hypothermia,Frovatriptan
Astigmatism,Furosemide
Conjunctivitis,"Warfarin, Eculizumab, Cetirizine"
Crohn's Disease,Fluconazole
Reye’s Syndrome,"Prednisolone, Valganciclovir, Singulair"
Endometriosis,"Doxycycline, Dextromethorphan, Cefixime"
Oral Cancer,"Methotrexate, Paracetamol"
Celiac Disease,Clonazepam
Pneumonia,"Cimetidine, Gliclazide"
Gout,"Beclometasone, Tadalafil, Varenicline"
Acid Reflux,"Ranitidine, Gliclazide"
Tendonitis,"Duloxetine, Cyclobenzaprine, Allopurinol"
Glaucoma,"Clonazepam, Trimethoprim"
Polio,"Trazodone, Chlorpheniramine"
Color Blindness,"Albuterol, Metformin, Sumatriptan"
Esophageal Cancer,"Hydroxychloroquine, Imipramine, Tizanidine"
Varicose Veins,"Flurazepam, Nicotine patches, Dutasteride"
Insomnia,"Albuterol, Dexamethasone"
Lyme Disease,"Escitalopram, Simvastatin"
Liver Disease,"Furosemide, Levothyroxine, Duloxetine"
Rubella,Brimonidine
Raynaud's Disease,Memantine
Snake Bite,Varenicline
Zika Virus,Triamcinolone
Cataract,"Diphenhydramine, Nitrofurantoin"
Altitude Sickness,"Chantix, Zonisamide"
Dry Eye Syndrome,"Phenytoin, Lisinopril"
Hypertension,"Rizatriptan, Naproxen"
Prostate Cancer,"Fluticasone, Tacrolimus"
Anaphylaxis,"Penicillin, Amitriptyline, Famotidine"
Osteoarthritis,"Fosfomycin, Filgrastim"
Zika Virus,Oxcarbazepine
Cervical Cancer,Levofloxacin
Lead Poisoning,"Mupirocin, Omeprazole, Lisinopril"
Esophageal Cancer,"Tacrolimus, Theophylline, Duloxetine"
Common Cold,"Formoterol, Tetracycline, Budesonide"
Throat Cancer,"Finasteride, Varenicline"
Narcolepsy,"Simvastatin, Clindamycin"
Throat Cancer,Memantine
Bulimia,"Oxycodone, Tadalafil, Montelukast"
Hiatal Hernia,"Fluticasone, Bupropion, Loratadine"
Impetigo,Dexamethasone
ALS,"Piroxicam, Aspirin"
Prostate Cancer,"Formoterol, Etoricoxib"
Common Cold,"Beclometasone, Acetaminophen, Finasteride"
Cellulitis,Colchicine
Glaucoma,Citalopram
Bee Sting,"Varenicline, Morphine, Clonidine"
Heart Disease,Ranitidine
Warts,"Fluoxetine, Duloxetine"
Deep Vein Thrombosis,"Baclofen, Celecoxib, Calcium Carbonate"
Hand-Foot-and-Mouth Disease,"Mirtazapine, Dexamethasone, Escitalopram"
Mumps,Varenicline
COVID-19,"Tadalafil, Cromolyn, Lisinopril"
Warts,"Tizanidine, Nortriptyline, Duloxetine"
Ringworm,Cromolyn
Typhoid,"Prednisone, Loratadine, Clonazepam"
Pancreatic Cancer,Olanzapine
Hypertension,"Sodium Bicarbonate, Paracetamol"
Tonsillitis,"Prednisolone, Rituximab"
Anxiety,"Lorazepam, Erythromycin, Trazodone"
Arthritis,Ranitidine
Migraine,"Budesonide, Finasteride, Imipramine"
Tetanus,"Duloxetine, Warfarin"
Whooping Cough,"Desvenlafaxine, Timolol"
Syphilis,Indomethacin
Peanut Allergy,"Citalopram, Diazepam"
Autism Spectrum Disorder,Temazepam
Boils,"Clarithromycin, Nitrofurantoin, Metronidazole"
Herpes,Clonazepam
Glaucoma,Brimonidine
Tetanus,Cyclobenzaprine
Chickenpox,"Topiramate, Zinc Oxide"
Asthma,Cetirizine
Infertility,"Lidocaine, Temazepam, Prochlorperazine"
Heart Disease,Penicillin
Skin Cancer,"Escitalopram, Nitroglycerin, Ranitidine"
Zika Virus,"Donepezil, Ibuprofen, Fluticasone Salmeterol"
Encephalitis,"Nortriptyline, Hydrocortisone"
Hepatitis B,Tizanidine
Gastritis,"Cimetidine, Varenicline"
Infertility,Acetaminophen
Cushing’s Syndrome,"Chloroquine, Topiramate"
Polycystic Ovary Syndrome,Zonisamide
ACL Injury,"Prednisone, Levalbuterol"
Myopia,Fluticasone
Parkinson's Disease,"Albuterol, Topiramate"
Dehydration,"Prednisolone, Topiramate, Eculizumab"
Sinusitis,"Duloxetine, Dihydroergotamine, Albuterol"
Eczema,"Dexamethasone, Nifedipine, Mupirocin"
Polycystic Ovary Syndrome,Metformin
Malaria,"Salmeterol, Oxycodone"
Scabies,"Timolol, Baclofen"
Oral Cancer,"Cromolyn, Etoricoxib"
Common Cold,"Gliclazide, Amitriptyline, Vardenafil"
Dengue,Baclofen
Laryngeal Cancer,Fosfomycin
Glaucoma,"Timolol, Hydrocodone, Prochlorperazine"
Trigeminal Neuralgia,"Hydromorphone, Tiotropium, Sildenafil"
Prostatitis,"Amitriptyline, Budesonide, Warfarin"
Mumps,"Chlorpheniramine, Imipramine, Budesonide"
Frostbite,"Tadalafil, Albuterol"
Trigeminal Neuralgia,Memantine
Epilepsy,"Ranitidine, Rituximab, Diazepam"
Stomach Infection,"Rizatriptan, Trazodone, Dextromethorphan"
PTSD,"Meloxicam, Dutasteride"
Boils,Cefuroxime
Acid Reflux,"Desvenlafaxine, Melatonin"
Macular Degeneration,"Loperamide, Azithromycin, Salmeterol"
Glaucoma,"Cefuroxime, Zonisamide, Piroxicam"
Pharyngitis,Tramadol
Depression,Hydroxyurea
Cystic Fibrosis,"Meloxicam, Allopurinol, Metoclopramide"
Scarlet Fever,Colchicine
ACL Injury,Albuterol
Acid Reflux,"Buspirone, Nitrofurantoin"
Eczema,"Finasteride, Fentanyl, Eculizumab"
Sunburn,"Mirtazapine, Sulfamethoxazole"
Oral Cancer,"Diphenhydramine, Brimonidine, Colchicine"
Laryngitis,"Finasteride, Zaleplon, Brimonidine"
Hypertension,"Carbamazepine, Doxycycline, Betamethasone"
Laryngeal Cancer,"Varenicline, Tiotropium"
Bulimia,Phenelzine
Osteoporosis,"Cetirizine, Fluoxetine"
Flu,"Metronidazole, Buspirone, Formoterol"
Pericarditis,"Pregabalin, Loperamide"
Bipolar Disorder,Timolol
Hyperopia,Flurazepam
Scabies,"Symbicort, Lamotrigine, Zolpidem"
Ovarian Cancer,Piroxicam
Kidney Stones,Hydroxychloroquine
PTSD,"Ranitidine, Propranolol, Fosfomycin"
Polycystic Ovary Syndrome,"Timolol, Budesonide, Montelukast"
ACL Injury,Methylprednisolone
Sciatica,Temazepam
Pollen Allergy,"Metoclopramide, Lidocaine, Tetracycline"
Bladder Cancer,Ranitidine
Insomnia,"Benzoyl Peroxide, Lorazepam"
Rabies,"Fexofenadine, Cetirizine"
Anorexia,"Hydroxychloroquine, Ranitidine, Piroxicam"
Gilbert’s Syndrome,"Levothyroxine, Mupirocin, Imuran"
COVID-19,"Nicotine patches, Fluoxetine, Levofloxacin"
Dehydration,Mirtazapine
Kidney Disease,"Bupropion, Bupropion"
Chlamydia,Amlodipine
Food Allergies,"Theophylline, Azathioprine, Etanercept"
Lupus,"Phenelzine, Duloxetine, Sildenafil"
Alcoholism,"Lorazepam, Celecoxib"
Pulmonary Embolism,"Ramipril, Desvenlafaxine"
Scarlet Fever,Escitalopram
Altitude Sickness,"Temazepam, Furosemide, Duloxetine"
Sleep Apnea,"Chlorpheniramine, Lisinopril"
Color Blindness,"Levalbuterol, Valganciclovir, Tramadol"
Diverticulitis,"Cefixime, Lorazepam, Levalbuterol"
Heat Stroke,"Albuterol, Finasteride, Temazepam"
Zika Virus,"Hydromorphone, Loratadine, Cetirizine"
Laryngitis,"Ergotamine, Furosemide, Rizatriptan"
Oral Cancer,"Paroxetine, Eculizumab, Chantix"
Gallbladder Disease,Imipramine
Oral Cancer,"Cimetidine, Erythromycin"
Infertility,"Citalopram, Metronidazole, Bupropion"
Pancreatic Cancer,"Losartan, Hydroxyurea, Simvastatin"
Pharyngitis,"Zinc Oxide, Lisinopril, Salmeterol"
ADHD,"Temazepam, Selegiline"
Hypothermia,Duloxetine
Encephalitis,"Famotidine, Cyclobenzaprine"
Polio,"Gliclazide, Albuterol, Levothyroxine"
Pet Allergy,Donepezil
Diabetes,"Levalbuterol, Cetirizine, Trazodone"
Trichomoniasis,Amitriptyline
Snake Bite,"Furosemide, Phenytoin"
Scabies,"Aspirin, Phenytoin, Ibuprofen"
Carbon Monoxide Poisoning,"Lorazepam, Cefuroxime, Amoxicillin"
Endometriosis,"Trazodone, Hydrocortisone"
Shingles,Valganciclovir
Anorexia,"Phenytoin, Benadryl"
Dehydration,"Zaleplon, Frovatriptan, Vardenafil"
Mercury Poisoning,"Flurazepam, Azithromycin, Levofloxacin"
Prostatitis,"Clonidine, Methadone"
Fibromyalgia,"Singulair, Ramipril, Fluoxetine"
Flu,Acetaminophen
Obesity,"Sertraline, Mupirocin, Duloxetine"
Shellfish Allergy,"Finasteride, Imuran"
Jet Lag,Melatonin
Marfan Syndrome,"Dihydroergotamine, Fluticasone Salmeterol, Ranitidine"
Arthritis,"Allopurinol, Methotrexate"
Radiation Sickness,"Loperamide, Mirtazapine, Frovatriptan"
Pollen Allergy,Rizatriptan
Tinnitus,Frovatriptan
Osteoporosis,"Isocarboxazid, Sertraline, Sildenafil"
Constipation,Tizanidine
Leukemia,Atenolol
Pulmonary Embolism,"Sitagliptin, Budesonide, Cyclophosphamide"
Menopause,"Amoxicillin, Gabapentin"
Dehydration,"Zaleplon, Tamsulosin, Mometasone"
Restless Leg Syndrome,Chloroquine
Tendonitis,Nitroglycerin
Varicose Veins,Cimetidine
Scarlet Fever,"Fexofenadine, Brimonidine, Cimetidine"
Sunburn,"Sildenafil, Citalopram"
Chlamydia,Cetirizine
Testicular Cancer,"Diclofenac, Etanercept, Zonisamide"
Cystic Fibrosis,"Omeprazole, Flunisolide, Ibuprofen"
Whooping Cough,Bupropion
Obsessive-Compulsive Disorder,Baclofen
Dry Eye Syndrome,"Diazepam, Fluconazole"
Trichomoniasis,Ciprofloxacin
HIV/AIDS,"Aspirin, Hydromorphone"
Meningitis,"Diazepam, Tiotropium, Valproic Acid"
Hemophilia,"Fexofenadine, Memantine"
Shellfish Allergy,"Famotidine, Methotrexate"
Menstrual Disorders,"Colchicine, Mirtazapine, Varenicline"
Laryngeal Cancer,"Metoclopramide, Filgrastim, Topiramate"
Syphilis,"Naproxen, Bupropion, Salmeterol"
Leukemia,"Clarithromycin, Nicotine gum"
Bell’s Palsy,"Oxycodone, Dexamethasone"
Myocarditis,Tamsulosin
Prostate Cancer,"Carbamazepine, Ergotamine"
Prostatitis,"Azathioprine, Valganciclovir, Celecoxib"
Kawasaki Disease,Methotrexate
Hemophilia,"Mometasone, Rizatriptan"
Hepatitis A,"Acetaminophen, Benadryl, Zaleplon"
Sarcoidosis,"Tacrolimus, Ergotamine, Filgrastim"
Conduct Disorder,Simvastatin
Pancreatitis,"Dexamethasone, Warfarin"
Sinusitis,"Marinol, Methotrexate"
Arthritis,"Morphine, Ipratropium, Formoterol"
Acid Reflux,"Cefuroxime, Rivastigmine"
Heart Disease,Rivastigmine
Alcoholism,Atenolol
Lung Cancer,"Clindamycin, Tizanidine"
Mononucleosis,Albuterol
Endometriosis,"Tacrolimus, Atenolol"
