Disease,Precaution_1,Precaution_2,Precaution_3,Precaution_4
Flu,Wear comfortable shoes,Limit salt intake,Keep windows closed during allergy season,Stay indoors during allergy season
Common Cold,Increase fiber intake,Ensure a well-ventilated living space,Rest your voice,Avoid exposure to bright lights
COVID-19,Limit TV or screen time before bed,Avoid fried or greasy foods,Avoid eating foods that cause bloating,Engage in stress-reducing activities
Migraine,Take prescribed insulin for diabetes,Increase potassium intake,Avoid close contact with infected individuals,Monitor your heart rate
Strep Throat,Keep windows closed during allergy season,Avoid dairy products if lactose intolerant,Avoid strenuous exercise during illness,Avoid stress
Food Poisoning,Take prescribed antifungals,Take multivitamins,Avoid harsh weather conditions,Take prescribed pain relievers
Heart Disease,Avoid exposure to chemicals,Avoid sudden temperature changes,Take a warm bath to ease pain,Take prescribed insulin for diabetes
Stomach Infection,Wear protective gear when working with machinery,Use nasal sprays for congestion,Use over-the-counter antihistamines,Use anti-inflammatory medications
Anemia,Avoid smoking,Use antihistamines for allergic reactions,Avoid contact with pet dander,Keep wounds covered
Pneumonia,Take prescribed anti-depressants,Get enough sleep,Avoid sudden temperature changes,Avoid eating foods that cause bloating
Tuberculosis,"Eat small, frequent meals",Monitor your weight regularly,Increase omega-3 fatty acid intake,Keep your environment clean and clutter-free
Malaria,Practice good hygiene,Use anti-inflammatory medications,Keep your environment clean and clutter-free,Use an air purifier
Cancer,Avoid strenuous exercise during illness,Get plenty of rest,Use a humidifier,Engage in stress-reducing activities
Diabetes,Increase fiber intake,Try physical therapy for muscle strength,Maintain an active lifestyle,Wear sunscreen
Asthma,Try deep tissue massage for pain relief,Practice mindfulness,Maintain a balanced lifestyle,Follow a cholesterol-lowering diet
Kidney Disease,Monitor urine output,Take prescribed pain relievers,Avoid dairy if lactose intolerant,Avoid salty foods
Liver Disease,Practice mindfulness,Use protective equipment when handling chemicals,Manage cholesterol levels,Avoid extreme temperatures
Hepatitis A,Drink herbal teas,Consult a doctor before taking new medications,Stay indoors during allergy season,Use mosquito nets
Hepatitis B,Avoid exposure to loud noises,Consider vaccination for preventable diseases,Seek medical attention for unusual symptoms,Engage in moderate physical activity
Stroke,Limit salt intake,Avoid consuming raw meats,Increase potassium intake,Minimize alcohol consumption
Hypertension,Avoid prolonged sun exposure,Keep your home and workplace allergen-free,Use a humidifier for dry air,Limit TV or screen time before bed
Arthritis,Engage in light physical activities,Avoid dairy if lactose intolerant,Avoid heavy perfumes,Take prescribed antifungals
Leukemia,Avoid caffeine after 6 PM,Follow a low-carb diet,Take calcium supplements for bone health,Wear compression stockings
Parkinson's Disease,Avoid undercooked food,Get annual check-ups,Keep your environment clean and clutter-free,Keep your home dust-free
Alzheimer's Disease,Take multivitamins,Maintain a balanced lifestyle,Limit alcohol consumption,Avoid prolonged standing
Urinary Tract Infection,Avoid working with hazardous chemicals,Avoid sudden temperature changes,Stay on a strict medication regimen,Consult a therapist for emotional support
GERD,Take a warm bath to ease pain,Take vitamin D supplements,Use a saline solution,Consider a physical exam for unexplained symptoms
Rheumatoid Arthritis,Drink herbal infusions,Avoid prolonged sitting,Take vitamin D supplements,Avoid caffeine if you have heart disease
Epilepsy,Follow a cholesterol-lowering diet,Ensure a well-ventilated living space,Avoid touching shared objects,Use anti-itch creams
Crohn's Disease,Drink herbal teas,Use a saline solution,Try deep tissue massage for pain relief,Monitor blood sugar levels
Multiple Sclerosis,Do not self-medicate,Take prescribed antidepressants for mood regulation,Take prescribed medications,Consult with a specialist for specific symptoms
Appendicitis,Avoid stress,Get vaccinated for pneumonia,Keep wounds covered,Avoid touching shared objects
Gallbladder Disease,Check your blood oxygen levels,Wash hands frequently,"Follow a healthy, low-fat diet",Keep your stress levels low
Thyroid Disorder,Avoid salty foods,Use stress-relieving techniques,Use over-the-counter antihistamines,Follow a heart-healthy diet
Celiac Disease,Avoid excessive sitting,Practice mindfulness,Take vitamin D supplements,Avoid excessive heat
Lupus,Avoid contact with pet dander,Avoid prolonged sun exposure,Consult with a specialist for specific symptoms,Avoid caffeine after 6 PM
Psoriasis,Avoid sugary drinks,Use a hot water bottle for cramps,Monitor cholesterol levels,Avoid exposure to sick individuals
Eczema,Avoid strenuous work,Follow a heart-healthy diet,Avoid close contact with pets during illness,Avoid late-night meals
Tonsillitis,Wear compression stockings,Seek medical attention for unusual symptoms,Consult with a specialist for specific symptoms,Engage in light physical activities
Sinusitis,Follow a heart-healthy diet,"Eat small, frequent meals",Avoid prolonged sitting,Practice good hygiene
Bronchitis,Avoid close contact with infected individuals,Consult with a dietician for proper nutrition,Avoid heavy lifting,Exercise within your physical limits
Dengue,Avoid touching shared objects,Avoid prolonged standing,Avoid extreme temperatures,Maintain an active lifestyle
Typhoid,Avoid contact with pet dander,Take prescribed antidepressants for mood regulation,Avoid undercooked food,Keep your environment clean and clutter-free
Cholera,Take prescribed insulin for diabetes,Avoid touching shared objects,Use anti-inflammatory medications,Consult with a dietician for proper nutrition
Meningitis,Rest with legs elevated,Engage in moderate physical activity,Use over-the-counter antihistamines,Monitor cholesterol levels
Whooping Cough,Take prescribed anti-depressants,"Follow a healthy, low-fat diet",Do not self-medicate,Try acupuncture for relief
Scarlet Fever,Take vitamin D supplements,Get a flu shot annually,Take medications on time,Use over-the-counter medication for pain relief
Polio,Avoid contact with pet dander,Limit sugar in your diet,Monitor urine output,Use allergy-free pillows and bedding
Zika Virus,Get regular eye exams,Avoid being near smokers,Rest with your feet elevated,Use antihistamines for allergic reactions
Yellow Fever,Avoid contact with pet dander,Do not self-medicate,Limit processed food intake,Avoid spicy foods
Measles,Exercise regularly,Avoid spicy foods,Take prescribed antifungals,Minimize heavy physical activity
Mumps,Use essential oils for relaxation,Use an air purifier,Limit processed food intake,Avoid excessive caffeine intake
Rubella,Limit dairy intake,Wash hands frequently,Consult a doctor before taking new medications,Get plenty of rest
Chickenpox,Keep windows closed during allergy season,Avoid high-altitude areas,Get regular eye exams,Avoid chemicals when possible
Shingles,Practice good hygiene,Monitor cholesterol levels,Wear sunscreen,Take iron supplements for anemia
Ringworm,Take iron supplements for anemia,Take a warm bath to ease pain,Take breaks to reduce stress,Avoid driving while feeling unwell
Scabies,Engage in stress-reducing activities,Limit dairy intake,Use protective equipment when handling chemicals,Monitor your symptoms
Lyme Disease,Limit dairy intake,Wear protective gear when working with machinery,Avoid prolonged sun exposure,Use a heating pad for muscle pain
Tetanus,Use nasal sprays for congestion,Keep your environment clean and clutter-free,Avoid excessive caffeine intake,Use mosquito repellent
Rabies,Avoid allergens,Limit alcohol consumption,Use protective equipment when handling chemicals,Avoid contact with pet dander
Gonorrhea,Avoid sugary drinks,Avoid excessive sitting,Monitor urine output,Drink plenty of fluids to prevent dehydration
Syphilis,Take vitamin C supplements,Avoid exposure to loud noises,Check your blood oxygen levels,Follow a heart-healthy diet
HIV/AIDS,Avoid fried or greasy foods,Avoid eating foods that cause bloating,Wash fruits and vegetables thoroughly,Increase omega-3 fatty acid intake
Chlamydia,Avoid working with hazardous chemicals,Take breaks to reduce stress,Keep windows closed during allergy season,Avoid heavy lifting
Trichomoniasis,Try deep tissue massage for pain relief,Avoid exposure to chemicals,Stay indoors during peak pollen times,Get enough sleep
Herpes,Avoid excessive cold temperatures,Stay on a prescribed medication regimen,Avoid salty foods,Use mosquito repellent
Mononucleosis,Take prescribed anti-depressants,Practice good dental hygiene,Avoid working with hazardous chemicals,Wear sunscreen
Pancreatitis,Get vaccinated for flu season,Avoid stress-inducing activities,Consider vaccination for preventable diseases,Drink green tea for its health benefits
Osteoporosis,Take vitamin D supplements,Minimize heavy physical activity,Avoid heavy lifting,Avoid close contact with pets during illness
Fibromyalgia,Stay on a strict medication regimen,Keep your stress levels low,Take calcium supplements for bone health,Keep windows closed during allergy season
Sickle Cell Anemia,Keep your home and workplace allergen-free,Avoid exposure to loud noises,Follow a low-fat diet,Use a hot water bottle for cramps
Hemophilia,Avoid late-night meals,Use mosquito repellent,Get vaccinated for pneumonia,Avoid fried or greasy foods
Cystic Fibrosis,Drink plenty of fluids to prevent dehydration,Limit processed foods,Consult a therapist for emotional support,Avoid heavy lifting
Obesity,Take prescribed antidepressants for mood regulation,Monitor your weight regularly,Avoid caffeine if you have heart disease,Avoid exposure to chemicals
Insomnia,Follow a low-fat diet,"Eat small, frequent meals",Get vaccinated for pneumonia,Wear sunscreen
Sleep Apnea,Stay hydrated,Avoid sugary drinks,Use anti-inflammatory medications,Use a saline solution
Restless Leg Syndrome,Avoid dairy if lactose intolerant,Take prescribed medication for infections,Limit exposure to sunlight,Do not self-medicate
Narcolepsy,Avoid exposure to chemicals,Avoid chemicals when possible,Avoid dairy products if lactose intolerant,Use an air purifier
Depression,Take calcium supplements for bone health,Take prescribed antifungals,Practice mindfulness,Use a heating pad for muscle pain
Anxiety,Take prescribed insulin for diabetes,Limit sugar in your diet,Use anti-itch creams,Manage cholesterol levels
Bipolar Disorder,Engage in stress-reducing activities,Consult with a specialist for specific symptoms,Avoid touching shared objects,Get plenty of rest
Schizophrenia,Use mosquito nets,Avoid exposure to sick individuals,Use prescribed antibiotics,Avoid sudden temperature changes
PTSD,Avoid lifting heavy objects,Avoid prolonged sun exposure,Monitor your blood pressure,Use an air purifier
Obsessive-Compulsive Disorder,Practice good hygiene,Rest with your feet elevated,Engage in light physical activities,Avoid touching shared objects
ADHD,Take prescribed medication for infections,Use nasal sprays for congestion,Limit dairy intake,Take iron supplements for anemia
Autism Spectrum Disorder,Get a flu shot annually,Avoid strenuous work,Practice mindfulness,Monitor your symptoms
Dyslexia,Wash hands frequently,Avoid exposure to loud noises,Try physical therapy for muscle strength,Limit TV or screen time before bed
Conduct Disorder,Avoid strenuous exercise during illness,Take multivitamins,Try breathing exercises,"Follow a healthy, low-fat diet"
Bulimia,Avoid driving while feeling unwell,Wear sunscreen,Avoid strong odors,Keep windows closed during allergy season
Anorexia,Reduce sodium intake,Avoid stress-inducing activities,Minimize alcohol consumption,Monitor body temperature
Alcoholism,Wear comfortable shoes,Check your blood oxygen levels,Use essential oils for relaxation,Use mosquito repellent
Drug Addiction,Keep windows closed during allergy season,"Follow a healthy, low-fat diet",Avoid caffeine if you have heart disease,Minimize noise exposure
Glaucoma,Wear sunscreen,Increase fiber intake,Use anti-itch creams,Engage in light physical activities
Cataract,Avoid exposure to sick individuals,Increase fiber intake,Get annual check-ups,Monitor blood sugar levels
Macular Degeneration,Avoid consuming raw meats,Drink herbal infusions,Consider a physical exam for unexplained symptoms,Avoid driving while feeling unwell
Conjunctivitis,Avoid close contact with infected individuals,Keep windows closed during allergy season,Take prescribed antidepressants for mood regulation,Stay home when sick
Dry Eye Syndrome,Avoid allergens,Use mosquito repellent,Keep your environment clean and clutter-free,Get enough sleep
Otitis Media,Avoid contact with pet dander,Check your blood oxygen levels,Avoid touching your face,Try breathing exercises
Tinnitus,Take vitamin C supplements,Avoid driving while feeling unwell,Avoid dairy if lactose intolerant,Take prescribed insulin for diabetes
Hearing Loss,Avoid stress-inducing activities,Try natural remedies as advised by a doctor,Avoid close contact with infected individuals,Use over-the-counter antihistamines
Vertigo,Avoid excessive sitting,Keep your home dust-free,Avoid excessive heat,Get enough sleep
Bell’s Palsy,Wash hands frequently,Take breaks when feeling tired,Follow a low-carb diet,Engage in stress-reducing activities
Trigeminal Neuralgia,Consider a physical exam for unexplained symptoms,Seek medical attention for unusual symptoms,Avoid dairy products if lactose intolerant,Avoid exposure to loud noises
ALS,Maintain a healthy sleep routine,Check your blood oxygen levels,Wear a mask in public,Avoid large crowds
Spinal Cord Injury,Limit sugar in your diet,Maintain a healthy sleep routine,Wash hands frequently,Use protective equipment when handling chemicals
Carpal Tunnel Syndrome,Take probiotics,Avoid caffeine after 6 PM,Exercise regularly,Avoid excessive cold temperatures
Sciatica,Manage cholesterol levels,Avoid exposure to strong cleaning chemicals,Avoid heavy perfumes,Consider a physical exam for unexplained symptoms
Gout,Limit sugar intake,Avoid harsh weather conditions,Rest with legs elevated,Use a saline solution
Bursitis,Avoid stress-inducing activities,Practice yoga for relaxation,Stay hydrated,Keep wounds covered
Plantar Fasciitis,Avoid large crowds,Use anti-itch creams,Ensure a well-ventilated living space,Limit TV or screen time before bed
Tendonitis,Take calcium supplements for bone health,Limit TV or screen time before bed,Drink warm fluids,Take prescribed medication for infections
ACL Injury,Avoid prolonged sitting,Practice good hygiene,Maintain a healthy sleep routine,Try acupuncture for relief
Bone Fracture,Take calcium supplements for bone health,Limit TV or screen time before bed,Rest with your feet elevated,Take breaks when feeling tired
Osteoarthritis,Engage in moderate physical activity,Use protective equipment when handling chemicals,Take breaks to reduce stress,Control blood pressure
Skin Cancer,Avoid excessive heat,Wear a mask in public,Avoid sugary drinks,Avoid sudden temperature changes
Lung Cancer,Engage in stress-reducing activities,Drink herbal infusions,Stay indoors during peak pollen times,Manage cholesterol levels
Colon Cancer,Monitor cholesterol levels,Engage in stress-reducing activities,Drink herbal teas,Stay indoors during peak pollen times
Breast Cancer,Avoid excessive cold temperatures,"Eat small, frequent meals",Manage cholesterol levels,Avoid allergens
Prostate Cancer,Stay on a strict medication regimen,Use allergy-free pillows and bedding,Avoid exposure to sick individuals,Avoid close contact with infected individuals
Oral Cancer,Avoid spicy foods,Avoid undercooked food,Drink green tea for its health benefits,Drink herbal teas
Esophageal Cancer,Avoid exposure to chemicals,Avoid prolonged standing,Consult a doctor before taking new medications,Wear protective gear when working with machinery
Pancreatic Cancer,Maintain a balanced lifestyle,Avoid caffeine after 6 PM,Try physical therapy for muscle strength,Consider a physical exam for unexplained symptoms
Throat Cancer,Consult a doctor before taking new medications,Consider a physical exam for unexplained symptoms,Monitor cholesterol levels,Use stress-relieving techniques
Laryngeal Cancer,Avoid eating foods that cause bloating,Reduce sodium intake,Limit sugar in your diet,Limit TV or screen time before bed
Bladder Cancer,Practice good posture,Limit TV or screen time before bed,Avoid harsh weather conditions,Wear comfortable shoes
Testicular Cancer,Try acupuncture for relief,Avoid exposure to loud noises,Avoid salty foods,Keep wounds covered
Cervical Cancer,Drink herbal teas,Avoid rough activities,Engage in light physical activities,Minimize heavy physical activity
Ovarian Cancer,Avoid salty foods,Wear a mask in public,Maintain healthy gut health,Stay indoors during allergy season
Endometriosis,Try deep tissue massage for pain relief,Avoid prolonged sitting,Avoid extreme temperatures,Avoid caffeine if you have heart disease
Polycystic Ovary Syndrome,Avoid excessive caffeine intake,Avoid prolonged sitting,Rest your voice,Use anti-itch creams
Infertility,Maintain a healthy sleep routine,Stay hydrated,Stay away from people with active infections,Wash hands frequently
Menstrual Disorders,Get enough sleep,Monitor your weight regularly,Take medications on time,Try natural remedies as advised by a doctor
Menopause,Avoid contact with pet dander,Maintain a balanced lifestyle,Keep wounds covered,Avoid heavy lifting
Prostatitis,Keep windows closed during allergy season,Avoid touching your face,Rest with legs elevated,Avoid touching shared objects
Erectile Dysfunction,Avoid dairy products if lactose intolerant,Manage cholesterol levels,Avoid chemicals when possible,Use mosquito nets
Premature Ejaculation,Avoid exposure to bright lights,Use anti-inflammatory medications,Avoid eating foods that cause bloating,Engage in moderate physical activity
Benign Prostatic Hyperplasia,Stay indoors during allergy season,Drink herbal infusions,Exercise regularly,Avoid excessive heat
Gallstones,Practice good hygiene,Avoid exposure to bright lights,Minimize heavy physical activity,Take medications on time
Kidney Stones,Avoid physical exertion,Use antihistamines for allergic reactions,Maintain a calm environment,Maintain an active lifestyle
Acid Reflux,Check your blood oxygen levels,Avoid touching shared objects,Avoid close contact with pets during illness,Try physical therapy for muscle strength
Constipation,Get enough sleep,Avoid undercooked food,Avoid excessive heat,Practice mindfulness
Irritable Bowel Syndrome,Avoid caffeine after 6 PM,Wear sunscreen,Avoid excessive heat,Avoid strenuous exercise during illness
Ulcerative Colitis,Limit sugar intake,Try physical therapy for muscle strength,Avoid smoking,Use over-the-counter antihistamines
Diverticulitis,Use essential oils for relaxation,Consult with a specialist for specific symptoms,Stay on a prescribed medication regimen,Rest with your feet elevated
Gastritis,Consult a doctor before taking new medications,Use a hot water bottle for cramps,Drink herbal infusions,Maintain an active lifestyle
Peptic Ulcer,Avoid exposure to chemicals,Avoid extreme temperatures,Avoid high-altitude areas,Take breaks when feeling tired
Hiatal Hernia,Practice good posture,Avoid large crowds,Monitor urine output,Take probiotics
Lactose Intolerance,"Eat small, frequent meals",Practice gentle stretching,Follow a low-fat diet,Avoid driving while feeling unwell
Food Allergies,Use over-the-counter antihistamines,Avoid caffeine if you have heart disease,Control blood pressure,Avoid close contact with pets during illness
Shellfish Allergy,Wash fruits and vegetables thoroughly,Take a warm bath to ease pain,Avoid harsh weather conditions,Take prescribed antifungals
Peanut Allergy,Use a humidifier for dry air,Avoid strong odors,Increase omega-3 fatty acid intake,Avoid consuming raw meats
Dust Allergy,Use saltwater gargle for throat infections,Minimize heavy physical activity,Practice deep breathing,Manage cholesterol levels
Pollen Allergy,Avoid contact with pet dander,Rest your voice,Maintain an active lifestyle,Increase omega-3 fatty acid intake
Pet Allergy,Practice deep breathing,Use nasal sprays for congestion,Consider a physical exam for unexplained symptoms,Rest with your feet elevated
Astigmatism,Use essential oils for relaxation,Take breaks to reduce stress,Avoid driving while feeling unwell,Avoid sudden temperature changes
Myopia,Control blood pressure,Try acupuncture for relief,Get enough sleep,Keep your stress levels low
Hyperopia,Avoid touching shared objects,Do not self-medicate,Use an air purifier,Avoid stress-inducing activities
Color Blindness,Drink herbal infusions,Avoid touching shared objects,Minimize noise exposure,Wear comfortable shoes
Amblyopia,Keep your home and workplace allergen-free,Avoid stress,Use saltwater gargle for throat infections,Wear a mask in public
Motion Sickness,Avoid stress,Stay on a prescribed medication regimen,Avoid exposure to bright lights,Use essential oils for relaxation
Jet Lag,Drink plenty of fluids to prevent dehydration,Avoid physical exertion,Get vaccinated for pneumonia,Keep your living environment clean
Altitude Sickness,Practice mindfulness meditation,Avoid rough activities,Monitor blood sugar levels,Limit exposure to sunlight
Dehydration,Maintain a balanced lifestyle,Avoid exposure to sick individuals,Avoid prolonged sun exposure,Engage in moderate physical activity
Hypothermia,Avoid prolonged sun exposure,Get annual check-ups,Wash hands frequently,Avoid caffeine after 6 PM
Heat Stroke,Minimize alcohol consumption,Consult a doctor before taking new medications,Get vaccinated for flu season,Manage cholesterol levels
Sunburn,Take prescribed pain relievers,Engage in stress-reducing activities,Wear compression stockings,Take iron supplements for anemia
Burns,Keep your stress levels low,Practice yoga for relaxation,Engage in moderate physical activity,Take prescribed antifungals
Frostbite,Limit TV or screen time before bed,Monitor your symptoms,Take prescribed antifungals,Take a warm bath to ease pain
Snake Bite,Avoid spicy foods,Stay hydrated,Manage cholesterol levels,Take vitamin C supplements
Bee Sting,Drink herbal teas,Limit sugar in your diet,Take calcium supplements for bone health,Take vitamin D supplements
Insect Bite Allergy,Stay home when sick,Avoid cold foods and drinks,Get enough sleep,Consider a physical exam for unexplained symptoms
Lead Poisoning,Avoid fried or greasy foods,Avoid spicy foods,Avoid consuming raw meats,Take a warm bath to ease pain
Mercury Poisoning,Maintain an active lifestyle,Take prescribed medications,Avoid touching shared objects,Avoid excessive caffeine intake
Carbon Monoxide Poisoning,Avoid strenuous exercise during illness,Use allergy-free pillows and bedding,Stay indoors during allergy season,Limit processed food intake
Radiation Sickness,Use anti-inflammatory medications,Get enough sleep,Avoid dairy products if lactose intolerant,Use a saline solution
Anaphylaxis,Rest with legs elevated,Consider a physical exam for unexplained symptoms,Take breaks to reduce stress,Take a warm bath to ease pain
Sepsis,Drink warm fluids,Avoid excessive caffeine intake,Avoid cold foods and drinks,Get a flu shot annually
Laryngitis,Avoid physical exertion,Use antihistamines for allergic reactions,Try breathing exercises,Avoid excessive caffeine intake
Pharyngitis,Maintain a healthy weight,Avoid exposure to strong cleaning chemicals,Avoid touching shared objects,Monitor body temperature
Encephalitis,Avoid driving while feeling unwell,Keep your home and workplace allergen-free,Consult with a specialist for specific symptoms,Practice good posture
Myocarditis,Take prescribed pain relievers,Avoid extreme temperatures,Monitor your blood pressure,Take breaks to reduce stress
Pericarditis,Consult with a specialist for specific symptoms,Take calcium supplements for bone health,Use mosquito repellent,Avoid prolonged sitting
Endocarditis,Reduce sodium intake,Check your blood oxygen levels,Take vitamin D supplements,Avoid heavy lifting
Aneurysm,Keep wounds covered,Monitor cholesterol levels,Limit salt intake,Limit alcohol consumption
Varicose Veins,Avoid dairy products if lactose intolerant,Avoid exposure to chemicals,Engage in light physical activities,Take prescribed anti-depressants
Deep Vein Thrombosis,Avoid heavy lifting,Maintain a healthy weight,Stay hydrated,Take vitamin D supplements
Pulmonary Embolism,Avoid touching shared objects,Engage in stress-reducing activities,Avoid prolonged sun exposure,Take probiotics
Sarcoidosis,Limit sugar in your diet,Get a flu shot annually,Avoid fried or greasy foods,Consult with a dietician for proper nutrition
Sjogren’s Syndrome,Avoid close contact with pets during illness,Limit exposure to sunlight,Keep windows closed during allergy season,Practice deep breathing
Raynaud's Disease,Maintain healthy gut health,Take breaks to reduce stress,Avoid rough activities,Avoid driving while feeling unwell
Cushing’s Syndrome,Get regular eye exams,Consult a therapist for emotional support,Rest with your feet elevated,Take prescribed anti-depressants
Addison’s Disease,Practice mindfulness meditation,Use essential oils for relaxation,Take prescribed insulin for diabetes,Avoid dairy products if lactose intolerant
Graves’ Disease,Use hand sanitizer,Wash hands frequently,Take prescribed medication for infections,Avoid excessive caffeine intake
Hashimoto’s Thyroiditis,Wash hands frequently,Avoid heavy lifting,Limit dairy intake,Take iron supplements for anemia
Wilson’s Disease,Eat a balanced diet,Take prescribed anti-depressants,Try natural remedies as advised by a doctor,Minimize alcohol consumption
Gilbert’s Syndrome,Keep your home dust-free,Use anti-itch creams,Consult a doctor before taking new medications,Avoid exposure to sick individuals
Marfan Syndrome,Use stress-relieving techniques,Get annual check-ups,Consult a therapist for emotional support,Use nasal sprays for congestion
Turner Syndrome,Use over-the-counter antihistamines,Increase fiber intake,Take prescribed anti-depressants,Avoid spicy foods
Klinefelter Syndrome,Take prescribed medications,Use saltwater gargle for throat infections,Keep windows closed during allergy season,Try deep tissue massage for pain relief
Tourette Syndrome,Eat a balanced diet,"Follow a healthy, low-fat diet",Avoid undercooked food,Take prescribed antifungals
Reye’s Syndrome,Follow a low-fat diet,Use a heating pad for muscle pain,Use a hot water bottle for cramps,Stay hydrated
Kawasaki Disease,Avoid heavy lifting,Avoid exposure to sick individuals,"Follow a healthy, low-fat diet",Avoid prolonged standing
Hand-Foot-and-Mouth Disease,Follow a cholesterol-lowering diet,Avoid stress-inducing activities,Avoid high-altitude areas,Try breathing exercises
Impetigo,Avoid heavy lifting,Practice good hygiene,Try acupuncture for relief,Avoid prolonged sitting
Boils,Avoid excessive caffeine intake,Avoid extreme temperatures,Avoid driving while feeling unwell,Try acupuncture for relief
Cellulitis,Avoid touching shared objects,Limit dairy intake,Take vitamin D supplements,Rest with your feet elevated
Warts,Limit sugar intake,Avoid excessive sitting,Wash fruits and vegetables thoroughly,Avoid dairy if lactose intolerant
Lichen Planus,Avoid undercooked food,Avoid sudden temperature changes,Use a saline solution,Avoid working with hazardous chemicals
