symptom,category
Fever,General
Cough,Respiratory
Fatigue,General
Headache,Neurological
Sore Throat,Respiratory
Nausea,Digestive
Shortness of Breath,Respiratory
Chills,General
Chest Pain,Circulatory
Diarrhea,Digestive
Dizziness,Neurological
Body Aches,General
Loss of Taste or Smell,Neurological
Runny Nose,Respiratory
Vomiting,Digestive
Rash,Integumentary
Joint Pain,Musculoskeletal
Abdominal Pain,Digestive
Sweating,General
Constipation,Digestive
Insomnia,Sleep
Blood in Stool,Digestive
Severe Cough,Respiratory
Coughing up Blood,Respiratory
Excessive Thirst,Endocrine
Weight Loss,General
Difficulty Swallowing,Digestive
Itchy Skin,Integumentary
Unexplained Bleeding,Circulatory
Confusion,Neurological
Memory Loss,Neurological
Tiredness,General
Night Sweats,General
Swelling,General
Skin Rash,Integumentary
Loss of Appetite,Digestive
Increased Heart Rate,Circulatory
Tremors,Neurological
Seizures,Neurological
Itchy Eyes,Integumentary
Hearing Loss,Sensory
Blurred Vision,Sensory
Painful Urination,Urinary
Dark Urine,Urinary
Pale Skin,Integumentary
Skin Peeling,Integumentary
Lethargy,General
Muscle Weakness,Musculoskeletal
Difficulty Breathing,Respiratory
Persistent Cough,Respiratory
Abnormal Heartbeat,Circulatory
Persistent Sneezing,Respiratory
Sore Muscles,Musculoskeletal
Dry Mouth,Digestive
Increased Hunger,Endocrine
Frequent Urination,Urinary
Excessive Hunger,Endocrine
Swollen Lymph Nodes,Immune
Loss of Coordination,Neurological
Weight Gain,Endocrine
Increased Thirst,Endocrine
Fainting,Circulatory
Cold Sweats,General
Vomiting Blood,Digestive
Belly Bloating,Digestive
Painful Joints,Musculoskeletal
Swollen Ankles,Musculoskeletal
Vomiting Food,Digestive
Dry Skin,Integumentary
Pale Complexion,Integumentary
Numbness,Neurological
Fatigue after Exercise,General
Eye Irritation,Sensory
Sore Eyes,Sensory
Irregular Menstrual Cycle,Reproductive
Dehydration,General
Loss of Consciousness,Neurological
Memory Loss,Neurological
Leg Swelling,Musculoskeletal
Bloodshot Eyes,Sensory
Tinnitus,Sensory
Excessive Coughing at Night,Respiratory
Swollen Feet,Musculoskeletal
Painful Swallowing,Digestive
Skin Redness,Integumentary
Frequent Throat Clearing,Respiratory
Sensitivity to Light,Sensory
Loss of Balance,Neurological
Muscle Cramps,Musculoskeletal
Shortness of Breath after Exercise,Respiratory
Weakness in Arms or Legs,Musculoskeletal
Dry Eyes,Sensory
Unusual Moles or Spots,Integumentary
Pale Lips,Integumentary
Choking Sensation,Respiratory
Flushing,General
Mouth Ulcers,Digestive
Nosebleeds,Integumentary
Sore Gums,Digestive
Black or Tarry Stools,Digestive
Sensitivity to Cold,General
Painful Skin,Integumentary
Bleeding Gums,Digestive
Loss of Voice,Respiratory
Hiccups,Digestive
Severe Abdominal Pain,Digestive
Yellowing of Skin or Eyes,Integumentary
Hot Flashes,Endocrine
Feeling of Fullness,Digestive
Numbness in Hands or Feet,Neurological
Poor Appetite,Digestive
Muscle Tension,Musculoskeletal
Decreased Libido,Reproductive
Increased Sleepiness,General
Excessive Urination at Night,Urinary
Persistent Hiccups,Digestive
Unexplained Weight Loss,General
Severe Chest Pressure,Circulatory
Unexplained Back Pain,Musculoskeletal
Difficulty Speaking,Neurological
Vision Problems,Sensory
Sensitivity to Touch,Sensory
Uncontrollable Shaking,Neurological
Pins and Needles Sensation,Neurological
Difficulty Moving Arms or Legs,Musculoskeletal
Heartburn,Digestive
Difficulty Walking,Musculoskeletal
Chronic Fatigue,General
Nausea After Eating,Digestive
Sudden Mood Changes,Neurological
Chronic Coughing,Respiratory
Sudden Weakness,Neurological
Pale or Yellow Tongue,Digestive
Painful Breathing,Respiratory
Swollen Abdomen,Digestive
Head Tilt,Neurological
Difficulty Concentrating,Neurological
Blurred Vision,Sensory
Dry Throat,Digestive
Chronic Back Pain,Musculoskeletal
Muscle Stiffness,Musculoskeletal
Cramps,Musculoskeletal
Swollen Lymph Nodes,Immune
Heavy Breathing,Respiratory
Pounding Heart,Circulatory
Sore Teeth,Dental
Itchy Nose,Integumentary
Skin Bruising,Integumentary
Low Blood Pressure,Circulatory
Swollen Glands,Immune
Cold Hands,General
Cold Feet,General
Pain in Legs,Musculoskeletal
Drowsiness,General
Increased Salivation,Digestive
Neck Pain,Musculoskeletal
Slight Fever,General
Mild Headache,Neurological
Frequent Urination at Night,Urinary
Pain during Exercise,Musculoskeletal
Trouble Sleeping,Sleep
Stomach Cramps,Digestive
Faint Heartbeat,Circulatory
Gastric Bloating,Digestive
Loss of Taste,Digestive
Loss of Smell,Digestive
Blurry Eyes,Sensory
Dry Cough,Respiratory
Eye Strain,Sensory
Drowsy Feeling,General
Pain in Chest,Circulatory
Throbbing Headache,Neurological
Mental Fog,Neurological
Confusion,Neurological
Sore Throat,Respiratory
Persistent Thirst,Endocrine
Hoarseness,Respiratory
Coughing,Respiratory
Severe Fatigue,General
Difficult Breathing,Respiratory
Restlessness,General
Increased Sweating,General
Dizziness upon Standing,Neurological
Head Pressure,Neurological
Dry Lips,Integumentary
Inflamed Gums,Digestive
Feeling Cold,General
Hunger Pangs,Digestive
Abnormal Skin Color,Integumentary
Painful Abdominal Area,Digestive
Aching Body,General
Neck Stiffness,Musculoskeletal
Gag Reflex,Digestive
Shivering,General
Discomfort during Eating,Digestive
Stomach Upset,Digestive
Tiredness after Work,General
Sensation of Pressure,General
Flu-like Symptoms,General
Headaches After Eating,Neurological
Insomnia After Eating,Sleep
Sudden Heart Palpitations,Circulatory
Reduced Appetite,Digestive
Dry Skin,Integumentary
Nausea without Vomiting,Digestive
Fainting,Circulatory
Frequent Thirst,Endocrine
Hyperactivity,Neurological
Feeling Swollen,General
Lack of Energy,General
Stiff Joints,Musculoskeletal
Cold Sweats,General
Frequent Burping,Digestive
Stomach Gurgling,Digestive
Nervousness,Neurological
Lack of Coordination,Neurological
Increased Respiratory Rate,Respiratory
Difficulty Walking,Musculoskeletal
Dizziness upon Standing,Neurological
Jaundice,Liver
Joint Swelling,Musculoskeletal
Bloating,Digestive
Tightness in Chest,Respiratory
Irritable Mood,Neurological
Tingling Sensation,Neurological
Tired Eyes,Sensory
Excessive Yawning,General
Feeling of Floating,General
Unstable Walking,Musculoskeletal
Cold Shivers,General
Painful Swallowing,Digestive
Heaviness in Chest,Respiratory
Feeling Out of Breath,Respiratory
Tingling in Hands,Neurological
Dry Cough at Night,Respiratory
Pain When Urinating,Urinary
Reduced Senses,Sensory
Numbness in Arms,Neurological
Cold Body,General
Hard to Breathe,Respiratory
Abnormal Joint Movements,Musculoskeletal
Soreness in Jaw,Dental
Lack of Focus,Neurological
Painful Stomach,Digestive
Tingling in Feet,Neurological
Rapid Heart Rate,Circulatory
Excessive Drooling,Digestive
Rash on Skin,Integumentary
Pain Behind Eyes,Sensory
Unusual Sweating,General
Spasms in Muscles,Musculoskeletal
Thick Mucus,Respiratory
Persistent Nausea,Digestive
Coughing at Night,Respiratory
Irritable Bowels,Digestive
Fatigue after Eating,General
Pale Skin,Integumentary
Bloody Mucus,Respiratory
